marz_en,marz_iso,community_hy,civil_contract,armenia_alliance,i_have_honor,prosperous_armenia,bright_armenia,anc,liberal,hanrapetutyun,national_democratic_pole,shirinyan_babajanyan,movement_5165,national_agenda,european,sovereign_armenia,fair_armenia,zartonk,liberty,united_homeland,pan_armenian_statehood,our_home_armenia,homeland_of_armenians,free_homeland,democratic_party,citizens_decision,verelk,registered,ballots_cast,invalid,valid,stations,turnout_pct
Aragatsotn,AM-AG,Ագարակ գյուղ,510,122,45,14,1,3,2,9,9,12,5,0,0,2,8,4,0,0,0,2,6,1,2,0,0,1438,758,0,757,1,52.71
Aragatsotn,AM-AG,Ագարակավան գյուղ,260,44,113,1,0,8,0,8,1,2,7,0,0,0,0,1,0,1,0,1,3,1,1,0,0,815,452,0,452,1,55.46
Aragatsotn,AM-AG,Ալագյազ,536,203,204,114,12,2,2,1,0,3,1,0,2,4,2,2,3,1,0,3,0,2,4,1,0,3572,1102,0,1102,11,30.85
Aragatsotn,AM-AG,Ակունք գյուղ,192,27,8,14,1,1,2,7,0,6,0,0,0,2,0,1,1,0,0,6,1,0,5,0,0,502,274,0,274,1,54.58
Aragatsotn,AM-AG,Աղձք գյուղ,447,145,10,25,2,6,2,6,8,5,2,0,1,1,2,1,0,1,0,1,4,2,3,0,2,1431,678,2,676,1,47.38
Aragatsotn,AM-AG,Անտառուտ գյուղ,95,38,0,6,0,0,0,2,0,0,0,0,0,1,0,0,0,0,0,0,1,0,0,0,1,246,145,1,144,1,58.94
Aragatsotn,AM-AG,Աշնակ գյուղ,288,78,43,7,6,5,0,110,9,12,1,1,0,3,0,1,0,1,0,5,1,5,2,0,0,1020,578,0,578,1,56.67
Aragatsotn,AM-AG,Աշտարակ քաղաք,5319,1720,216,405,109,151,86,346,141,120,86,2,13,51,42,11,12,14,5,50,115,20,33,42,2,19551,9138,24,9111,11,46.74
Aragatsotn,AM-AG,Ապարան (2017-2021),6417,1268,1635,224,65,94,36,244,61,52,47,1,6,12,111,22,5,10,3,35,26,18,28,16,10,17984,10478,30,10446,24,58.26
Aragatsotn,AM-AG,Ավան գյուղ,273,81,7,11,1,3,1,8,0,2,4,0,0,0,5,0,0,0,0,1,2,0,0,1,1,666,401,0,401,1,60.21
Aragatsotn,AM-AG,Արագածավան (2017-2022),2327,366,106,157,4,13,9,130,16,34,26,1,3,10,3,9,7,1,1,19,7,2,7,6,5,7923,3282,13,3269,7,41.42
Aragatsotn,AM-AG,Արագածոտն գյուղ,233,69,8,8,1,1,1,5,1,64,2,0,0,5,0,0,0,0,0,1,1,0,4,0,1,807,406,1,405,1,50.31
Aragatsotn,AM-AG,Արեվուտ գյուղ,16,16,5,2,0,0,0,0,0,0,0,0,0,0,0,0,0,0,0,0,0,0,0,0,0,175,39,0,39,1,22.29
Aragatsotn,AM-AG,Արուճ գյուղ,306,80,45,18,1,2,5,3,4,5,1,0,0,2,1,3,0,0,0,2,2,2,1,1,0,869,487,3,484,1,56.04
Aragatsotn,AM-AG,Արտաշավան գյուղ,105,91,2,11,0,3,0,2,12,1,2,0,1,1,2,0,1,1,1,2,3,0,2,1,1,529,246,1,245,1,46.5
Aragatsotn,AM-AG,Բազմաղբյուր գյուղ,289,46,3,9,5,1,9,9,7,6,3,0,0,1,0,1,0,0,0,4,3,0,1,0,0,785,397,0,397,1,50.57
Aragatsotn,AM-AG,Բյուրական գյուղ,1383,355,30,23,3,11,11,19,18,21,10,1,5,2,6,3,1,0,0,11,4,5,4,1,5,3518,1936,4,1932,2,55.03
Aragatsotn,AM-AG,Գառնահովիտ գյուղ,125,16,6,2,0,0,0,1,2,0,0,0,0,0,0,0,0,0,0,0,2,0,0,0,1,305,155,0,155,1,50.82
Aragatsotn,AM-AG,Դաշտադեմ գյուղ,132,45,9,9,3,5,5,11,2,1,1,1,0,0,0,2,1,0,0,1,0,0,3,1,0,461,234,1,232,1,50.76
Aragatsotn,AM-AG,Դավթաշեն գյուղ,232,79,45,3,1,3,8,10,1,0,1,0,1,0,1,2,1,0,0,0,1,0,0,0,0,581,393,4,389,1,67.64
Aragatsotn,AM-AG,Դդմասար գյուղ,12,24,1,7,0,0,0,4,0,0,0,0,0,0,0,0,0,0,0,0,0,0,0,0,0,124,48,0,48,1,38.71
Aragatsotn,AM-AG,Դիան գյուղ,11,0,49,2,0,0,0,2,0,0,0,0,0,0,0,0,0,0,0,0,0,0,0,0,0,101,64,0,64,1,63.37
Aragatsotn,AM-AG,Դպրեվանք գյուղ,7,15,2,2,2,0,1,0,0,0,0,0,0,1,0,0,0,0,0,0,0,0,0,0,0,62,30,0,30,1,48.39
Aragatsotn,AM-AG,Եղնիկ գյուղ,111,14,5,2,1,0,1,5,2,1,1,0,0,1,1,2,0,0,0,2,0,0,0,0,0,311,150,1,149,1,48.23
Aragatsotn,AM-AG,Զարինջա գյուղ,153,44,3,3,2,1,0,0,0,3,1,0,0,3,0,0,0,0,1,2,1,1,2,2,2,471,226,2,224,1,47.98
Aragatsotn,AM-AG,Զովասար գյուղ,153,21,23,3,0,3,2,27,1,0,0,0,1,0,0,0,0,0,0,0,1,0,0,0,0,414,236,1,235,1,57.0
Aragatsotn,AM-AG,Թաթուլ գյուղ,189,124,26,5,1,4,0,8,9,6,3,0,1,2,1,1,1,0,0,4,1,0,5,0,1,688,392,0,392,1,56.98
Aragatsotn,AM-AG,Թալին քաղաք,1480,468,234,39,12,26,11,112,23,38,32,1,3,8,11,7,4,6,1,12,11,8,30,5,1,5186,2596,9,2583,3,50.06
Aragatsotn,AM-AG,Թլիկ գյուղ,15,5,0,2,0,0,0,0,1,0,0,0,0,0,0,0,0,0,0,0,0,0,0,0,0,132,23,0,23,1,17.42
Aragatsotn,AM-AG,Իրինդ գյուղ,172,40,124,7,2,4,1,17,4,2,1,0,0,1,0,0,1,0,0,2,2,1,2,3,0,651,388,2,386,1,59.6
Aragatsotn,AM-AG,Լեռնարոտ գյուղ,96,29,34,1,0,0,0,0,4,1,0,0,0,0,5,0,0,0,0,0,0,0,0,0,1,248,171,0,171,1,68.95
Aragatsotn,AM-AG,Ծաղկահովիտ,2598,462,233,98,20,24,21,44,32,12,15,1,6,10,10,7,2,2,0,15,7,8,20,3,4,7660,3661,8,3654,10,47.79
Aragatsotn,AM-AG,Ծաղկասար գյուղ,31,4,4,2,0,0,0,2,0,0,0,0,0,0,0,0,0,0,0,1,0,0,0,0,0,71,44,0,44,1,61.97
Aragatsotn,AM-AG,Կաթնաղբյուր գյուղ,318,177,6,4,4,3,2,17,9,7,1,0,1,3,3,28,0,0,0,3,3,0,5,0,1,1076,595,0,595,1,55.3
Aragatsotn,AM-AG,Կանչ գյուղ,36,2,2,3,0,0,0,0,0,0,0,0,0,0,0,0,0,0,0,0,0,0,0,0,0,151,43,0,43,1,28.48
Aragatsotn,AM-AG,Կարբի գյուղ,903,588,93,13,4,9,6,31,7,18,10,2,2,1,0,0,0,0,0,5,3,2,2,1,15,3245,1742,0,1715,2,53.68
Aragatsotn,AM-AG,Կարմրաշեն գյուղ,173,34,11,4,3,3,0,0,8,2,0,0,0,2,2,1,1,0,0,1,3,0,0,0,0,486,250,2,248,1,51.44
Aragatsotn,AM-AG,Կաքավաձոր գյուղ,204,96,92,2,1,1,3,15,6,3,1,0,0,3,3,1,1,2,0,2,4,0,2,0,0,795,442,0,442,1,55.6
Aragatsotn,AM-AG,Կոշ գյուղ,764,184,103,17,6,2,2,14,3,15,9,0,4,0,7,0,0,0,0,4,1,2,4,2,0,2360,1144,1,1143,3,48.47
Aragatsotn,AM-AG,Հակո գյուղ,25,4,0,4,0,0,0,0,1,0,0,0,0,0,0,1,0,1,0,0,0,0,0,0,0,158,36,0,36,1,22.78
Aragatsotn,AM-AG,Հացաշեն գյուղ,22,53,10,3,0,0,0,1,0,0,0,0,1,18,0,0,0,0,0,0,0,0,0,0,0,243,108,0,108,1,44.44
Aragatsotn,AM-AG,Ղազարավան գյուղ,150,42,25,3,0,0,1,2,2,0,2,0,0,0,0,1,0,0,0,1,2,0,0,0,0,416,231,0,231,1,55.53
Aragatsotn,AM-AG,Մաստարա գյուղ,621,85,6,17,1,2,2,17,6,7,5,0,3,14,0,1,0,0,0,1,3,3,5,0,0,2031,801,2,799,2,39.44
Aragatsotn,AM-AG,Մելիքգյուղ գյուղ,448,31,11,4,5,4,0,5,0,2,2,0,0,1,0,1,0,0,0,1,0,0,0,1,0,817,516,0,516,1,63.16
Aragatsotn,AM-AG,Մեծաձոր գյուղ,25,3,1,1,0,2,0,0,0,0,1,0,0,0,0,0,0,0,0,0,0,0,0,0,0,143,33,0,33,1,23.08
Aragatsotn,AM-AG,Ներքին Բազմաբերդ գյուղ,529,70,75,2,0,27,11,12,2,31,2,0,0,1,1,2,1,4,0,1,0,0,1,0,0,1159,775,3,772,1,66.87
Aragatsotn,AM-AG,Ներքին Սասնաշեն գյուղ,326,78,9,13,0,12,3,3,3,6,1,0,0,0,0,2,0,0,0,1,2,0,3,4,0,814,467,1,466,1,57.37
Aragatsotn,AM-AG,Նոր Ամանոս գյուղ,164,26,6,23,8,10,3,0,4,3,0,0,0,0,0,0,0,0,0,1,0,6,0,2,0,577,257,1,256,1,44.54
Aragatsotn,AM-AG,Նոր Արթիկ գյուղ,196,11,3,5,0,0,0,15,4,0,1,0,0,1,0,0,0,0,1,1,2,0,1,0,0,415,242,1,241,1,58.31
Aragatsotn,AM-AG,Նոր Եդեսիա գյուղ,371,33,5,4,0,4,0,2,4,21,4,0,1,2,3,0,0,1,1,4,2,3,7,0,0,937,472,0,472,1,50.37
Aragatsotn,AM-AG,Շամիրամ,98,14,63,0,2,0,0,0,0,0,0,0,1,1,1,0,0,1,0,1,0,1,0,0,0,855,183,0,183,1,21.4
Aragatsotn,AM-AG,Շղարշիկ գյուղ,129,67,10,8,0,3,0,7,0,0,1,0,0,1,2,2,0,0,0,0,1,1,1,0,0,398,233,0,233,1,58.54
Aragatsotn,AM-AG,Ոսկեթաս գյուղ,103,90,31,2,1,2,0,2,0,0,1,0,0,1,1,0,1,0,0,0,0,0,0,0,1,385,239,3,236,1,62.08
Aragatsotn,AM-AG,Ոսկեհատ գյուղ,337,46,3,77,1,3,2,5,2,1,1,0,0,2,1,0,0,0,0,1,0,1,8,4,0,815,497,2,495,1,60.98
Aragatsotn,AM-AG,Ոսկեվազ գյուղ,1143,265,14,117,10,25,3,25,15,11,14,0,2,2,10,8,2,2,0,11,19,4,1,4,2,3407,1715,6,1709,2,50.34
Aragatsotn,AM-AG,Ուշի գյուղ,380,94,3,6,5,2,0,19,2,3,3,0,1,5,0,0,0,0,0,3,1,1,1,2,0,1185,531,0,531,1,44.81
Aragatsotn,AM-AG,Ուջան գյուղ,844,243,31,8,16,8,25,15,9,12,6,0,2,3,1,3,0,1,0,9,4,1,26,1,0,2321,1268,0,1268,2,54.63
Aragatsotn,AM-AG,Պարտիզակ գյուղ,128,7,12,4,1,2,0,6,0,0,0,0,0,0,1,1,0,0,0,0,0,0,0,0,0,281,167,0,162,1,59.43
Aragatsotn,AM-AG,Սաղմոսավան գյուղ,54,20,2,2,2,0,0,2,9,0,0,0,0,1,2,1,0,1,0,0,0,0,0,0,0,180,97,1,96,1,53.89
Aragatsotn,AM-AG,Սասունիկ գյուղ,832,269,55,10,7,4,10,29,5,6,11,0,2,2,5,3,2,0,1,3,4,1,2,1,0,2545,1263,1,1264,2,49.63
Aragatsotn,AM-AG,Սորիկ գյուղ,12,9,4,3,0,0,0,3,0,0,0,0,0,0,0,0,0,0,0,0,0,0,0,0,0,92,32,1,31,1,34.78
Aragatsotn,AM-AG,Սուսեր գյուղ,86,20,9,5,1,0,0,3,1,0,1,0,0,0,0,1,0,0,0,0,1,1,2,0,0,247,132,1,131,1,53.44
Aragatsotn,AM-AG,Վերին Բազմաբերդ գյուղ,189,23,2,1,1,7,4,7,1,2,0,0,2,0,0,1,0,0,0,0,0,0,0,0,0,352,240,0,240,1,68.18
Aragatsotn,AM-AG,Վերին Սասնաշեն գյուղ,117,39,2,8,0,5,0,12,1,6,1,0,0,0,0,0,0,0,0,0,0,0,0,0,0,286,191,0,191,1,66.78
Aragatsotn,AM-AG,Վերին Սասունիկ գյուղ,32,5,3,1,0,0,1,0,0,0,1,0,0,0,0,0,0,0,0,0,0,0,0,0,0,76,43,0,43,1,56.58
Aragatsotn,AM-AG,Տեղեր գյուղ,40,27,5,3,0,0,0,0,1,1,3,0,0,0,2,0,0,1,0,0,1,0,0,0,0,167,84,0,84,1,50.3
Aragatsotn,AM-AG,Ցամաքասար գյուղ,112,23,23,3,2,0,0,5,2,0,4,0,0,0,0,0,0,2,0,1,0,0,0,0,0,336,177,0,177,1,52.68
Aragatsotn,AM-AG,Փարպի գյուղ,442,257,61,7,1,6,1,42,1,9,3,1,2,4,3,2,2,0,0,3,5,4,5,0,1,1685,863,1,862,1,51.22
Aragatsotn,AM-AG,Օթեվան գյուղ,9,8,5,1,0,0,0,0,0,0,0,0,0,0,0,0,0,0,0,0,0,0,0,0,1,118,24,0,24,1,20.34
Aragatsotn,AM-AG,Օհանավան գյուղ,755,135,17,10,13,3,7,7,1,9,2,0,0,1,6,0,1,0,0,2,2,0,0,1,0,1967,972,0,972,1,49.42
Aragatsotn,AM-AG,Օշական գյուղ,1160,326,18,36,6,19,16,32,11,15,12,0,0,8,19,2,3,2,0,16,19,1,3,8,2,4327,1738,4,1734,3,40.17
Aragatsotn,AM-AG,Օրգով գյուղ,83,101,0,2,0,0,0,6,4,1,0,0,0,0,0,0,0,0,0,0,1,0,1,0,0,361,200,1,199,1,55.4
Ararat,AM-AR,Աբովյան գյուղ,542,82,53,2,0,1,8,8,5,0,3,0,0,2,1,2,0,0,1,2,1,1,2,1,0,1229,717,0,717,1,58.34
Ararat,AM-AR,Ազատաշեն գյուղ,110,20,1,240,0,1,1,7,3,5,3,0,0,0,1,0,0,1,0,2,1,1,2,0,2,625,401,0,401,1,64.16
Ararat,AM-AR,Ազատավան գյուղ,745,145,21,98,3,14,5,49,18,18,17,0,6,1,3,3,0,0,0,10,7,2,2,0,0,2553,1168,1,1167,2,45.75
Ararat,AM-AR,Այգավան գյուղ,1204,126,241,17,6,7,8,128,6,8,7,0,0,1,1,1,4,2,0,7,7,4,4,0,0,3313,1793,3,1789,2,54.12
Ararat,AM-AR,Այգեզարդ գյուղ,902,148,16,119,7,6,2,33,5,5,11,0,3,3,3,6,3,1,0,7,7,1,1,0,0,2836,1295,6,1289,2,45.66
Ararat,AM-AR,Այգեպատ գյուղ,443,79,4,24,1,4,1,5,0,7,4,0,0,0,0,0,0,0,0,5,1,2,3,3,0,1153,586,0,586,1,50.82
Ararat,AM-AR,Այգեստան գյուղ,640,209,31,19,3,7,1,15,7,12,12,1,3,0,6,0,3,0,1,9,11,5,6,5,1,2258,1009,2,1007,2,44.69
Ararat,AM-AR,Այնթապ գյուղ,2403,518,435,54,17,36,50,98,36,37,20,1,4,7,10,5,3,5,1,24,37,7,11,12,7,7408,3850,11,3838,4,51.97
Ararat,AM-AR,Ավշար գյուղ,1127,220,405,26,14,15,8,91,17,26,7,0,0,5,12,3,0,2,3,7,7,4,5,5,3,3544,2014,1,2012,2,56.83
Ararat,AM-AR,Արալեզ գյուղ,658,51,87,2,0,9,2,36,6,4,2,0,0,2,3,1,0,2,20,4,8,1,3,2,0,1937,905,2,903,1,46.72
Ararat,AM-AR,Արարատ գյուղ,1732,169,337,84,16,12,21,719,23,13,15,0,1,5,8,5,4,0,1,14,12,4,10,3,1,5998,3216,6,3209,3,53.62
Ararat,AM-AR,Արարատ քաղաք,4433,627,426,488,40,50,65,590,61,48,50,0,14,15,36,18,5,4,10,40,60,13,23,19,12,13769,7171,24,7147,8,52.08
Ararat,AM-AR,Արաքսավան գյուղ,273,51,2,12,7,2,1,4,1,1,1,0,1,1,0,0,0,0,0,2,1,0,0,1,0,669,361,0,361,1,53.96
Ararat,AM-AR,Արբաթ գյուղ,513,85,95,29,6,8,5,12,3,11,7,0,1,2,2,3,1,1,0,3,2,6,1,1,1,1625,798,0,798,1,49.11
Ararat,AM-AR,Արգավանդ գյուղ,496,192,41,12,1,17,6,24,3,11,6,0,0,10,2,6,1,1,1,4,1,5,0,1,0,1568,844,5,841,1,53.83
Ararat,AM-AR,Արեվաբույր գյուղ,335,150,49,22,2,6,3,0,1,8,6,0,0,0,0,4,1,0,0,5,5,3,0,0,21,970,621,0,621,1,64.02
Ararat,AM-AR,Արեվշատ գյուղ,655,73,24,3,9,11,4,13,7,5,7,0,0,1,0,1,0,0,1,3,5,8,0,2,0,1861,833,1,832,1,44.76
Ararat,AM-AR,Արմաշ գյուղ,857,96,165,14,6,4,10,37,2,12,9,0,2,0,0,1,0,0,0,2,3,2,0,1,1,2013,1240,16,1224,1,61.6
Ararat,AM-AR,Արտաշատ քաղաք,6385,1779,189,423,40,100,61,250,79,125,84,5,13,14,39,24,7,2,4,92,81,19,58,14,2,21518,9906,16,9889,12,46.04
Ararat,AM-AR,Բաղրամյան գյուղ,441,69,12,135,1,5,4,20,12,12,7,0,2,2,0,0,1,0,1,6,2,0,3,2,0,1426,738,1,737,1,51.75
Ararat,AM-AR,Բարձրաշեն գյուղ,315,91,24,12,6,3,3,8,1,1,5,0,2,0,4,2,1,1,0,8,1,1,2,0,0,1218,493,2,491,1,40.48
Ararat,AM-AR,Բերդիկ գյուղ,266,60,24,11,1,3,0,11,1,6,3,0,0,3,1,2,2,0,0,3,2,0,4,1,0,750,404,0,404,1,53.87
Ararat,AM-AR,Բերքանուշ գյուղ,449,120,80,19,3,5,4,8,6,5,13,1,6,0,1,5,0,0,0,4,5,2,2,2,0,1518,740,0,740,1,48.75
Ararat,AM-AR,Բյուրավան գյուղ,312,101,42,20,3,8,3,4,3,3,13,0,0,1,0,11,0,0,0,5,0,0,0,0,0,1095,530,1,529,1,48.4
Ararat,AM-AR,Բուրաստան գյուղ,603,120,25,35,6,5,1,9,5,4,13,0,0,3,0,1,0,0,0,9,2,0,4,0,0,1790,847,0,845,1,47.32
Ararat,AM-AR,Գեղանիստ գյուղ,788,194,75,42,3,15,18,22,12,19,14,0,0,4,1,3,0,0,0,13,25,1,7,1,8,2402,1268,3,1265,2,52.79
Ararat,AM-AR,Գետազատ գյուղ,505,110,99,63,2,4,4,20,2,7,9,0,1,0,0,1,0,0,0,4,5,4,5,0,2,1664,847,0,847,1,50.9
Ararat,AM-AR,Գետափնյա գյուղ,418,85,101,11,8,8,12,11,4,5,8,0,0,9,0,0,0,0,0,5,1,1,2,2,0,1259,694,3,691,1,55.12
Ararat,AM-AR,Գինեվետ,170,46,14,4,0,2,1,60,2,3,1,0,0,0,0,2,0,0,0,1,0,0,1,0,0,522,307,0,307,1,58.81
Ararat,AM-AR,Գոռավան գյուղ,675,100,196,14,3,3,3,50,16,2,6,0,0,2,1,0,1,0,1,3,0,0,7,4,1,1909,1090,1,1088,1,57.1
Ararat,AM-AR,Դալար գյուղ,657,208,113,54,2,16,1,23,3,16,9,0,1,0,1,3,1,0,0,13,2,0,0,1,0,2250,1126,2,1124,2,50.04
Ararat,AM-AR,Դաշտավան գյուղ,463,81,266,16,5,7,2,9,36,7,12,1,2,0,0,2,3,1,1,2,3,0,0,1,0,1690,922,2,920,1,54.56
Ararat,AM-AR,Դաշտաքար գյուղ,149,53,17,3,0,0,0,17,0,4,2,0,0,1,0,0,0,0,0,0,1,1,0,0,0,460,249,1,248,1,54.13
Ararat,AM-AR,Դարակերտ գյուղ,695,128,89,9,5,2,5,69,7,10,3,0,1,1,2,0,0,1,2,12,8,1,5,0,0,2121,1059,4,1055,1,49.93
Ararat,AM-AR,Դարբնիկ գյուղ,126,268,34,21,1,1,3,8,2,0,1,1,1,3,1,0,1,0,1,0,2,0,1,0,0,1042,478,2,476,1,45.87
Ararat,AM-AR,Դեղձուտ գյուղ,386,132,1,13,0,1,1,6,0,5,2,0,2,0,0,0,0,0,0,1,0,3,0,0,0,841,553,0,553,1,65.76
Ararat,AM-AR,Դիմիտրով գյուղ,377,155,2,13,3,2,2,14,6,3,8,0,2,2,1,3,0,0,0,5,3,2,2,2,0,1190,607,0,607,1,51.01
Ararat,AM-AR,Դիտակ գյուղ,190,49,22,5,0,2,0,7,0,2,0,0,1,0,0,0,0,0,0,0,1,1,1,0,0,585,283,2,281,1,48.38
Ararat,AM-AR,Դվին գյուղ,759,309,4,7,3,2,0,26,15,11,8,1,2,3,4,2,1,2,1,9,3,2,4,0,1,2382,1184,3,1179,2,49.71
Ararat,AM-AR,Եղեգնավան գյուղ,185,50,332,6,6,3,0,28,1,1,2,0,0,1,0,0,0,1,0,5,1,2,0,0,0,1104,624,0,624,1,56.52
Ararat,AM-AR,Երասխ գյուղ,266,23,19,13,1,3,0,12,0,0,1,0,1,2,4,0,0,0,0,3,1,2,2,0,0,662,353,0,353,1,53.32
Ararat,AM-AR,Զանգակատուն գյուղ,340,63,61,33,2,2,0,14,7,2,4,0,0,0,0,0,1,0,0,0,2,0,4,1,1,896,538,1,537,1,60.04
Ararat,AM-AR,Զորակ գյուղ,273,257,155,6,3,1,1,7,7,3,3,0,0,2,0,0,1,0,0,3,5,1,3,0,0,1506,731,0,731,1,48.54
Ararat,AM-AR,Լանջազատ գյուղ,306,79,187,7,7,3,4,8,2,0,2,0,1,1,2,2,4,1,1,4,3,2,1,1,0,1282,628,0,628,1,48.99
Ararat,AM-AR,Լանջառ գյուղ,61,3,4,17,0,0,3,8,0,1,2,0,0,0,0,0,0,0,0,0,0,0,0,1,0,162,100,0,100,1,61.73
Ararat,AM-AR,Լուսաշող գյուղ,129,22,51,3,3,0,10,16,0,0,1,0,1,1,1,0,0,0,0,1,0,0,0,0,0,396,239,0,239,1,60.35
Ararat,AM-AR,Լուսառատ գյուղ,657,47,233,14,3,8,4,23,5,6,2,0,1,0,25,4,2,4,0,1,2,3,4,0,0,1978,1048,0,1048,1,52.98
Ararat,AM-AR,Խաչփար գյուղ,234,473,9,29,7,3,4,2,12,8,8,0,2,5,1,1,4,0,0,1,11,2,5,1,1,1620,824,1,823,1,50.86
Ararat,AM-AR,Կանաչուտ գյուղ,282,376,4,3,1,3,1,20,2,7,4,1,4,5,2,0,0,0,1,0,2,1,0,0,1,1216,720,0,720,1,59.21
Ararat,AM-AR,Հայանիստ գյուղ,227,502,37,23,3,5,3,9,2,9,3,0,3,0,2,0,3,0,0,5,3,5,2,2,3,2057,854,0,851,1,41.52
Ararat,AM-AR,Հնաբերդ գյուղ,194,52,4,1,4,2,0,3,4,3,2,0,0,1,1,1,0,0,0,2,0,0,2,0,0,549,276,0,276,1,50.27
Ararat,AM-AR,Հովտաշատ գյուղ,1165,155,44,50,13,7,3,19,0,15,6,0,2,2,3,1,1,1,12,13,14,1,2,0,0,3193,1531,2,1529,2,47.95
Ararat,AM-AR,Հովտաշեն գյուղ,437,53,2,19,0,5,4,21,3,0,2,0,1,0,2,0,0,0,0,2,2,0,3,1,0,923,560,1,557,1,60.67
Ararat,AM-AR,Ղուկասավան գյուղ,636,165,28,2,4,6,1,17,4,14,3,1,2,0,4,4,3,1,0,9,6,2,1,0,1,1710,917,3,914,1,53.63
Ararat,AM-AR,Մասիս գյուղ,494,94,16,13,0,1,2,10,5,7,1,0,0,0,1,0,0,0,0,3,2,0,1,0,0,1314,652,1,650,1,49.62
Ararat,AM-AR,Մասիս քաղաք,4648,1522,1623,148,45,92,86,194,86,101,64,4,20,27,16,11,15,5,12,60,66,21,34,18,4,16974,8941,19,8922,9,52.67
Ararat,AM-AR,Մարմարաշեն գյուղ,918,179,130,15,1,7,8,24,18,10,5,0,0,2,6,2,1,0,1,9,13,4,1,0,2,2700,1357,1,1356,2,50.26
Ararat,AM-AR,Մխչյան գյուղ,1053,560,18,26,8,8,12,45,13,20,8,0,6,4,6,4,3,1,0,13,14,4,5,1,1,3784,1843,7,1833,2,48.71
Ararat,AM-AR,Մրգանուշ գյուղ,394,81,13,3,3,1,4,11,7,3,1,0,0,1,0,0,0,0,0,8,2,0,0,0,0,925,532,0,532,1,57.51
Ararat,AM-AR,Մրգավան գյուղ,497,63,63,17,3,8,2,25,9,6,9,0,0,0,3,3,1,2,0,6,4,2,2,2,0,1498,728,1,727,1,48.6
Ararat,AM-AR,Մրգավետ գյուղ,676,178,12,19,3,4,3,23,9,13,2,0,1,3,3,2,0,1,0,3,5,1,4,1,0,1907,966,1,966,1,50.66
Ararat,AM-AR,Նարեկ գյուղ,453,47,4,5,1,2,1,19,2,5,1,0,1,0,1,0,0,0,0,4,4,0,1,0,0,915,551,0,551,1,60.22
Ararat,AM-AR,Նիզամի գյուղ,128,131,187,55,2,2,1,5,4,1,2,1,2,3,1,0,0,0,1,0,2,0,0,0,0,1007,528,0,528,1,52.43
Ararat,AM-AR,Նշավան գյուղ,622,76,70,12,4,3,7,9,4,6,2,0,2,1,1,2,1,1,0,2,5,1,0,0,0,1563,831,0,831,1,53.17
Ararat,AM-AR,Նոյակերտ գյուղ,348,115,204,24,4,4,3,15,1,1,4,0,0,1,1,0,0,0,0,6,2,5,1,0,0,1565,743,4,739,1,47.48
Ararat,AM-AR,Նոր Խարբերդ գյուղ,1960,349,88,560,14,36,41,60,25,41,8,0,2,2,8,10,0,3,3,30,34,5,10,6,3,6546,3301,3,3298,4,50.43
Ararat,AM-AR,Նոր Կյուրին գյուղ,267,48,14,13,2,1,6,5,2,3,2,1,0,4,0,6,0,0,0,2,4,0,0,0,2,887,383,1,382,1,43.18
Ararat,AM-AR,Նոր կյանք գյուղ,531,67,147,8,2,6,3,61,6,6,5,0,1,0,1,5,1,0,6,8,5,0,1,0,0,1985,882,12,870,1,44.43
Ararat,AM-AR,Նոր ուղի գյուղ,237,36,42,4,0,1,0,51,2,2,7,0,0,2,1,1,1,0,1,1,1,0,2,0,0,673,392,0,392,1,58.25
Ararat,AM-AR,Նորաբաց գյուղ,576,111,110,22,6,1,94,13,4,7,13,0,2,3,1,0,0,0,2,6,7,0,1,1,2,1901,982,0,982,1,51.66
Ararat,AM-AR,Նորամարգ գյուղ,401,234,102,22,1,1,1,8,2,4,3,0,1,2,2,8,0,1,0,2,3,0,0,0,0,1644,798,0,798,1,48.54
Ararat,AM-AR,Նորաշեն գյուղ,651,258,116,251,4,6,2,26,12,8,7,0,1,2,2,4,0,0,0,13,8,3,1,4,0,2790,1381,2,1379,2,49.5
Ararat,AM-AR,Շահումյան գյուղ,1117,198,13,48,2,11,6,29,8,11,15,0,2,0,5,2,0,0,0,13,9,4,2,0,0,3353,1501,2,1495,2,44.77
Ararat,AM-AR,Ոսկետափ գյուղ,1038,167,192,83,3,10,4,92,6,6,1,1,3,1,2,2,0,0,1,14,3,2,10,2,2,3437,1647,2,1645,2,47.92
Ararat,AM-AR,Ոստան գյուղ,796,197,26,18,12,13,7,22,5,4,5,0,1,0,2,2,0,0,0,8,11,2,5,2,0,2662,1142,4,1138,2,42.9
Ararat,AM-AR,Ուրցալանջ գյուղ,45,7,10,1,0,0,0,3,0,1,0,0,0,0,0,0,0,0,0,0,2,0,0,0,0,116,69,0,69,1,59.48
Ararat,AM-AR,Ուրցաձոր (2016-2021),919,67,515,44,5,7,4,87,7,9,6,1,0,3,4,0,5,2,0,4,2,0,1,2,1,3069,1695,0,1695,4,55.23
Ararat,AM-AR,Պարույր Սեվակ գյուղ,196,23,12,32,1,1,1,9,1,2,3,2,1,0,0,1,2,0,0,3,0,1,0,2,0,527,293,0,293,1,55.6
Ararat,AM-AR,Ջրահովիտ գյուղ,375,98,21,9,3,1,0,21,3,5,3,0,1,13,3,3,0,0,1,3,2,2,3,0,0,981,571,1,570,1,58.21
Ararat,AM-AR,Ջրաշեն գյուղ,491,39,4,2,0,3,6,25,0,10,6,0,0,11,2,4,2,0,3,0,2,2,1,0,5,1473,618,0,618,1,41.96
Ararat,AM-AR,Ռանչպար գյուղ,190,170,19,10,1,1,2,7,3,2,4,0,0,3,2,0,0,0,1,3,3,0,0,0,3,948,426,2,424,1,44.94
Ararat,AM-AR,Սայաթ-Նովա գյուղ,414,135,306,31,2,6,13,11,5,3,6,0,0,0,2,0,4,0,2,5,3,0,2,0,0,1755,950,0,950,1,54.13
Ararat,AM-AR,Սիս գյուղ,351,174,30,7,2,1,0,3,2,8,0,0,0,0,1,1,0,0,1,2,1,0,0,0,1,1186,585,0,585,1,49.33
Ararat,AM-AR,Սիսավան գյուղ,327,26,549,5,1,6,2,43,4,5,3,0,0,0,3,0,0,0,3,0,2,0,1,0,0,1599,983,3,980,1,61.48
Ararat,AM-AR,Սիփանիկ գյուղ,130,33,13,10,1,0,0,2,2,2,2,0,0,0,1,0,0,0,0,1,2,3,1,0,0,443,203,0,203,1,45.82
Ararat,AM-AR,Սուրենավան գյուղ,713,79,292,3,4,2,2,84,5,5,5,0,1,0,3,0,0,1,0,3,5,3,3,2,1,2004,1216,0,1216,1,60.68
Ararat,AM-AR,Վանաշեն գյուղ,430,77,151,28,7,6,5,346,3,5,7,0,2,1,1,0,3,0,0,43,7,0,0,1,1,1971,1128,5,1124,1,57.23
Ararat,AM-AR,Վարդաշատ գյուղ,56,3,36,1,0,0,1,1,0,0,0,0,0,0,0,0,0,0,0,0,1,0,0,0,0,137,99,0,99,1,72.26
Ararat,AM-AR,Վարդաշեն գյուղ,95,74,1,10,0,3,0,5,1,0,0,0,0,1,1,0,0,0,0,3,2,1,0,1,0,411,199,1,198,1,48.42
Ararat,AM-AR,Վեդի քաղաք,2690,504,652,91,22,28,26,848,68,30,27,3,4,9,8,20,4,1,7,36,27,10,24,4,2,9752,5156,10,5145,5,52.87
Ararat,AM-AR,Վերին Արտաշատ գյուղ,1006,222,25,36,2,14,9,33,22,21,20,0,1,1,4,1,1,0,1,10,19,3,5,3,0,3082,1460,1,1459,2,47.37
Ararat,AM-AR,Վերին Դվին,348,293,1,5,3,6,0,1,1,5,1,0,0,0,0,2,1,0,1,0,0,1,0,0,0,1705,670,1,669,1,39.3
Ararat,AM-AR,Տափերական գյուղ,1045,117,103,16,2,11,8,126,45,45,12,0,0,1,2,2,1,0,0,12,19,0,0,3,8,3076,1579,0,1578,2,51.33
Ararat,AM-AR,Փոքր Վեդի գյուղ,942,169,75,13,4,14,7,59,5,19,7,0,2,4,3,0,1,2,1,5,5,1,3,0,2,2531,1345,2,1343,2,53.14
Ararat,AM-AR,Քաղցրաշեն գյուղ,975,141,7,26,9,25,3,41,4,25,7,0,0,2,4,6,0,1,0,6,11,0,5,3,0,2426,1304,2,1301,2,53.75
Armavir,AM-AV,Ալաշկերտ գյուղ,671,69,10,87,0,5,2,9,6,6,3,0,0,0,1,2,1,0,0,10,3,2,0,1,1,1469,889,0,889,1,60.52
Armavir,AM-AV,Ակնալիճ գյուղ,735,210,7,30,5,7,2,13,4,14,9,0,1,3,3,4,1,0,0,5,13,3,13,0,3,2369,1088,3,1085,2,45.93
Armavir,AM-AV,Ակնաշեն գյուղ,321,232,12,5,6,9,0,6,1,7,1,2,1,1,0,3,0,0,1,3,5,1,1,0,2,1318,620,0,620,1,47.04
Armavir,AM-AV,Աղավնատուն գյուղ,821,166,7,51,1,9,18,11,11,19,10,0,3,3,4,3,0,1,2,7,3,1,10,0,2,2599,1166,2,1163,2,44.86
Armavir,AM-AV,Ամասիա գյուղ,144,60,21,133,1,0,1,1,1,0,1,0,0,1,1,1,0,1,0,1,0,1,0,0,0,770,369,0,369,1,47.92
Armavir,AM-AV,Ամբերդ գյուղ,304,138,8,16,0,2,0,4,2,2,1,0,1,1,1,0,0,0,2,0,3,0,5,1,0,1166,493,2,491,1,42.28
Armavir,AM-AV,Այգեկ գյուղ,328,67,134,47,3,4,17,14,11,9,2,0,0,2,1,1,0,0,0,6,5,1,4,1,0,1192,658,0,657,1,55.2
Armavir,AM-AV,Այգեշատ (Արմավիր) գյուղ,239,217,4,8,2,4,2,3,3,7,5,0,2,2,1,2,0,0,1,125,6,1,1,0,0,1416,636,1,635,1,44.92
Armavir,AM-AV,Այգեշատ (Էջմիածին) գյուղ,268,128,3,54,3,4,78,4,4,5,0,0,4,4,7,0,0,0,1,5,2,0,0,0,0,1223,574,0,574,1,46.93
Armavir,AM-AV,Այգեվան  գյուղ,458,100,10,23,4,2,0,9,8,4,7,0,2,2,0,2,0,0,0,4,0,1,2,0,0,1321,641,2,638,1,48.52
Armavir,AM-AV,Ապագա գյուղ,532,150,18,11,6,5,2,10,4,5,19,0,2,0,1,2,0,0,1,9,0,1,5,1,0,1517,786,1,784,1,51.81
Armavir,AM-AV,Առատաշեն գյուղ,741,116,19,36,1,9,4,24,7,10,3,1,1,2,6,4,1,1,0,9,6,4,7,0,0,2222,1012,0,1012,2,45.54
Armavir,AM-AV,Արագած գյուղ,582,140,27,25,0,4,5,27,3,10,4,0,3,0,2,0,1,2,2,3,7,1,5,4,4,2222,861,0,861,2,38.75
Armavir,AM-AV,Արազափ գյուղ,282,117,4,18,1,2,0,3,6,0,4,0,3,1,1,2,0,1,0,15,2,2,0,0,0,1136,465,1,464,1,40.93
Armavir,AM-AV,Արաքս (Արմավիր) գյուղ,435,47,12,41,5,4,2,6,1,3,2,0,2,2,0,1,0,0,1,6,1,2,1,0,2,1312,577,1,576,1,43.98
Armavir,AM-AV,Արաքս (Էջմիածին) գյուղ,418,61,6,4,9,4,6,15,4,10,4,2,0,0,1,1,0,0,0,2,6,1,5,0,0,1337,561,1,559,1,41.96
Armavir,AM-AV,Արգավանդ գյուղ,535,122,3,29,4,5,6,14,5,11,2,0,0,0,3,1,1,0,0,12,2,3,0,1,0,1882,760,1,759,1,40.38
Armavir,AM-AV,Արգինա գյուղ,190,24,14,0,2,2,0,1,3,2,0,0,0,18,1,1,0,0,0,2,0,0,1,0,0,443,263,2,261,1,59.37
Armavir,AM-AV,Արեվադաշտ գյուղ,97,10,15,13,2,0,0,0,0,0,0,0,0,0,0,1,1,0,0,1,0,0,0,0,0,330,140,0,140,1,42.42
Armavir,AM-AV,Արեվաշատ գյուղ,404,78,4,29,8,3,5,11,1,7,2,0,1,0,1,0,0,5,1,2,4,2,2,2,0,1364,574,2,572,1,42.08
Armavir,AM-AV,Արեվիկ գյուղ,682,119,17,106,4,4,1,6,9,4,1,1,1,3,0,2,0,3,0,5,3,1,3,0,0,2115,977,2,975,2,46.19
Armavir,AM-AV,Արմավիր գյուղ,586,154,13,86,14,23,2,10,6,6,6,0,1,0,1,1,0,2,0,13,5,1,1,2,1,2348,935,3,934,2,39.82
Armavir,AM-AV,Արմավիր քաղաք,8114,2184,639,552,231,136,70,183,137,136,109,4,19,24,19,44,18,7,3,158,91,12,32,12,10,29488,12990,46,12944,16,44.05
Armavir,AM-AV,Արշալույս գյուղ,840,191,50,43,5,6,6,14,10,34,25,2,1,5,2,0,1,1,0,6,8,2,10,2,0,3163,1269,5,1264,2,40.12
Armavir,AM-AV,Արտամետ գյուղ,42,17,24,5,0,0,0,0,0,0,0,0,0,0,2,0,0,0,0,0,0,0,0,0,0,190,90,0,90,1,47.37
Armavir,AM-AV,Արտաշար գյուղ,172,97,63,1,5,0,1,1,1,1,0,0,0,2,0,0,0,0,0,4,1,3,0,0,0,899,353,1,352,1,39.27
Armavir,AM-AV,Արտիմետ գյուղ,418,98,1,85,5,6,3,17,2,2,3,0,0,0,3,4,0,0,0,6,4,6,3,1,0,1491,667,0,667,1,44.74
Armavir,AM-AV,Բագարան գյուղ,248,17,8,11,1,1,1,3,0,1,11,0,0,0,0,0,0,0,0,3,0,1,0,0,0,529,306,0,306,1,57.84
Armavir,AM-AV,Բաղրամյան  (Էջմիածին) գյուղ,677,224,20,20,6,8,66,7,7,9,4,0,1,2,25,0,2,0,0,5,2,1,6,1,1,2189,1095,1,1094,2,50.02
Armavir,AM-AV,Բաղրամյան (Բաղրամյան) գյուղ,190,99,3,6,1,13,2,7,1,3,1,0,0,0,3,0,0,0,0,3,0,0,1,0,0,785,333,0,333,1,42.42
Armavir,AM-AV,Բամբակաշատ գյուղ,764,203,22,74,5,13,5,9,13,15,4,1,1,1,3,4,1,0,0,18,11,0,5,1,1,2701,1177,3,1174,2,43.58
Armavir,AM-AV,Բերքաշատ գյուղ,91,18,1,111,0,2,0,0,1,1,1,0,1,1,2,2,1,0,0,2,1,1,0,0,0,446,237,1,237,1,53.14
Armavir,AM-AV,Գայ գյուղ,842,260,12,12,18,24,8,20,3,12,5,5,2,2,6,4,1,1,0,7,10,3,7,4,0,2848,1278,10,1268,2,44.87
Armavir,AM-AV,Գեղակերտ գյուղ,689,142,8,135,4,3,2,18,13,6,10,1,2,2,1,2,1,1,0,4,4,0,1,0,0,2147,1055,5,1049,2,49.14
Armavir,AM-AV,Գետաշեն գյուղ,421,146,5,70,8,1,4,7,4,2,1,0,0,0,1,1,4,0,0,9,6,1,0,0,0,1757,692,0,691,1,39.39
Armavir,AM-AV,Գրիբոյեդով գյուղ,336,122,58,157,12,7,18,10,6,6,4,0,1,0,0,5,1,0,0,1,3,4,11,2,0,1536,763,1,764,1,49.67
Armavir,AM-AV,Դալարիկ գյուղ,849,192,102,53,6,8,3,13,19,3,4,0,3,0,1,2,0,0,0,10,5,7,0,9,0,3018,1292,2,1289,2,42.81
Armavir,AM-AV,Դաշտ գյուղ,219,75,5,12,1,1,2,8,1,0,1,0,1,1,1,2,0,0,0,1,3,0,2,0,0,738,336,0,336,1,45.53
Armavir,AM-AV,Դողս գյուղ,351,120,3,4,2,1,1,11,0,4,5,1,1,3,2,0,0,1,0,1,3,3,0,0,0,1126,517,0,517,1,45.91
Armavir,AM-AV,Եղեգնուտ գյուղ,223,218,114,8,2,2,0,5,0,1,10,0,3,1,1,1,1,0,0,40,2,0,1,1,1,1564,637,2,635,1,40.73
Armavir,AM-AV,Երասխահուն գյուղ,297,111,7,38,1,2,0,9,0,0,4,0,0,2,4,2,1,0,0,1,2,1,0,0,0,1245,482,0,482,1,38.71
Armavir,AM-AV,Երվանդաշատ գյուղ,196,13,1,77,2,2,1,4,8,4,0,0,0,0,1,1,0,1,0,0,0,1,0,0,0,558,312,0,312,1,55.91
Armavir,AM-AV,Զարթոնք գյուղ,395,31,354,4,4,0,0,1,0,2,0,0,0,4,0,1,0,0,0,0,13,0,0,0,0,1620,814,4,809,1,50.25
Armavir,AM-AV,Էջմիածին քաղաք,11663,4586,367,738,168,282,224,496,283,367,207,8,33,38,53,63,30,10,8,148,222,116,111,40,20,46381,20367,76,20281,24,43.91
Armavir,AM-AV,Լենուղի գյուղ,401,38,89,36,5,2,3,3,2,3,5,0,1,3,0,0,0,0,0,7,3,1,1,1,0,1317,605,0,604,1,45.94
Armavir,AM-AV,Լեռնագոգ գյուղ,559,123,7,7,9,5,0,15,9,11,10,0,1,3,3,2,2,0,0,3,1,0,4,2,0,1754,776,0,776,1,44.24
Armavir,AM-AV,Լեռնամերձ գյուղ,111,7,0,6,2,0,0,0,1,1,0,0,0,0,0,0,0,0,0,1,1,1,36,0,0,382,168,1,167,1,43.98
Armavir,AM-AV,Լուկաշին գյուղ,807,74,8,9,1,1,0,6,4,5,7,0,3,0,2,0,0,0,0,8,3,1,1,1,0,2020,941,0,941,1,46.58
Armavir,AM-AV,Լուսագյուղ գյուղ,261,40,4,4,15,2,0,5,1,2,2,0,0,2,0,1,0,0,0,1,0,0,1,0,0,779,342,0,341,1,43.9
Armavir,AM-AV,Խանջյան գյուղ,459,115,22,119,1,5,2,7,2,6,2,0,2,1,2,1,2,1,0,1,2,1,2,1,0,1571,757,1,756,1,48.19
Armavir,AM-AV,Խորոնք գյուղ,687,104,50,98,3,4,4,14,2,7,12,0,0,2,1,7,1,0,0,6,3,3,6,0,0,2056,1015,1,1014,1,49.37
Armavir,AM-AV,Ծաղկալանջ գյուղ,334,83,3,51,3,0,1,6,0,0,4,1,0,0,0,1,0,0,0,3,1,1,1,0,0,1150,495,2,493,1,43.04
Armavir,AM-AV,Ծաղկունք գյուղ,261,125,5,29,4,2,0,9,4,11,4,0,0,2,2,3,0,0,0,9,6,3,1,0,0,1066,480,0,480,1,45.03
Armavir,AM-AV,Ծիածան գյուղ,292,37,2,36,0,5,1,6,1,5,0,0,2,0,0,0,0,1,0,2,0,0,1,0,0,917,391,0,391,1,42.64
Armavir,AM-AV,Կողբավան գյուղ,17,22,0,1,0,0,0,0,0,0,0,0,0,0,0,0,0,0,0,0,0,0,0,0,0,111,40,0,40,1,36.04
Armavir,AM-AV,Հայթաղ գյուղ,682,118,13,85,5,2,6,13,8,8,4,0,0,3,0,3,0,0,1,5,6,2,13,1,0,2208,980,2,978,2,44.38
Armavir,AM-AV,Հայկաշեն գյուղ,199,88,18,7,41,2,1,4,2,4,3,1,0,1,1,0,0,0,0,1,5,2,0,0,0,990,380,0,380,1,38.38
Armavir,AM-AV,Հայկավան գյուղ,207,75,13,38,7,12,0,6,4,1,6,0,0,0,0,0,0,1,0,8,5,2,0,2,1,1088,389,1,388,1,35.75
Armavir,AM-AV,Հացիկ գյուղ,663,102,1,44,2,9,4,10,8,3,7,0,0,0,1,0,0,0,0,9,2,0,3,0,0,1989,869,1,868,1,43.69
Armavir,AM-AV,Հովտամեջ գյուղ,297,78,9,13,2,1,1,5,1,4,2,0,0,2,3,2,0,0,0,3,3,0,1,0,0,908,428,1,427,1,47.14
Armavir,AM-AV,Հուշակերտ գյուղ,162,45,59,24,1,5,0,5,4,1,5,0,0,2,1,0,0,0,0,3,5,0,0,0,0,776,323,1,322,1,41.62
Armavir,AM-AV,Մայիսյան գյուղ,399,71,29,39,1,13,3,5,1,3,1,1,0,1,3,0,1,0,0,0,3,0,0,1,0,1507,577,1,575,1,38.29
Armavir,AM-AV,Մարգարա գյուղ,333,64,1,12,1,1,0,1,1,1,3,0,0,1,1,0,1,1,0,5,3,0,9,0,0,1044,439,0,439,1,42.05
Armavir,AM-AV,Մեծամոր գյուղ,313,80,14,9,6,2,2,3,3,1,1,0,1,2,1,2,0,0,0,2,9,0,2,0,0,1017,458,2,453,1,45.03
Armavir,AM-AV,Մեծամոր քաղաք,2735,655,113,376,37,39,49,80,36,43,43,1,11,16,17,7,6,1,2,49,30,4,17,5,0,9413,4387,14,4372,5,46.61
Armavir,AM-AV,Մերձավան գյուղ,894,251,26,16,10,14,16,48,21,10,29,1,4,4,5,6,0,0,0,20,15,5,8,2,1,2948,1407,1,1406,2,47.73
Armavir,AM-AV,Մյասնիկյան գյուղ,1029,126,4,75,6,4,5,13,2,9,2,0,0,2,3,2,1,0,1,4,0,0,4,0,0,3236,1293,0,1292,2,39.96
Armavir,AM-AV,Մոնթեավան գյուղ,245,41,1,13,2,0,0,3,2,2,1,0,0,1,1,1,0,0,0,1,1,1,0,0,0,677,316,0,316,1,46.68
Armavir,AM-AV,Մուսալեռ գյուղ,821,120,28,87,1,8,6,24,8,12,3,1,3,0,1,5,1,0,0,4,15,7,5,5,0,2338,1169,3,1165,2,50.0
Armavir,AM-AV,Մրգաշատ գյուղ,1073,297,23,345,8,12,10,20,8,6,20,0,3,3,2,4,2,2,1,16,8,4,8,1,0,4256,1887,6,1876,3,44.34
Armavir,AM-AV,Մրգաստան գյուղ,261,87,5,55,4,2,0,5,7,2,1,0,0,2,1,1,0,0,0,8,2,2,1,0,0,902,444,0,446,1,49.22
Armavir,AM-AV,Նալբանդյան գյուղ,988,150,19,95,7,4,2,22,7,7,3,0,1,4,0,3,0,1,0,14,4,0,0,0,2,3291,1337,4,1333,2,40.63
Armavir,AM-AV,Նոր Արմավիր գյուղ,365,56,24,61,2,4,2,5,0,1,8,0,2,1,0,0,1,0,3,2,2,1,2,0,1,1496,543,0,543,1,36.3
Armavir,AM-AV,Նոր Արտագերս գյուղ,358,40,5,73,13,3,2,7,0,3,6,1,0,2,0,1,0,0,0,2,4,1,0,0,0,1241,521,0,521,1,41.98
Armavir,AM-AV,Նոր Կեսարիա գյուղ,418,86,2,16,2,7,0,2,0,1,2,0,0,1,1,7,1,0,1,2,0,3,0,0,1,1219,553,0,553,1,45.37
Armavir,AM-AV,Նորակերտ գյուղ,775,221,3,10,2,10,8,13,6,11,9,0,0,6,2,3,1,1,0,7,6,3,12,6,0,2439,1114,0,1115,2,45.67
Armavir,AM-AV,Նորապատ գյուղ,572,81,11,43,6,5,2,5,5,8,37,0,0,0,2,1,0,0,0,4,2,2,0,0,0,1819,787,1,786,1,43.27
Armavir,AM-AV,Նորավան գյուղ,350,49,21,6,2,4,2,2,7,1,3,0,0,1,1,0,0,0,0,2,1,0,0,0,0,963,453,1,452,1,47.04
Armavir,AM-AV,Շահումյան գյուղ,268,88,5,15,0,0,8,10,4,5,3,0,1,1,1,4,0,0,0,2,7,1,1,0,0,1029,425,1,424,1,41.3
Armavir,AM-AV,Շենավան գյուղ,245,77,4,115,0,1,5,3,4,7,1,0,2,0,1,0,0,0,0,0,2,0,2,0,0,1257,474,1,469,1,37.71
Armavir,AM-AV,Շենիկ գյուղ,193,199,1,1,0,2,1,1,1,1,0,0,1,1,0,1,0,0,0,1,1,0,2,1,1,739,409,0,409,1,55.35
Armavir,AM-AV,Ոսկեհատ գյուղ,488,374,22,26,11,10,5,16,1,14,8,0,0,2,6,2,0,0,0,3,4,2,5,1,0,2182,1002,2,1000,2,45.92
Armavir,AM-AV,Պտղունք գյուղ,453,101,6,18,8,6,4,14,23,13,7,1,2,1,3,0,0,0,0,5,2,1,2,2,0,1489,672,0,672,1,45.13
Armavir,AM-AV,Ջանֆիդա գյուղ,639,106,155,24,5,10,6,8,5,7,6,1,0,0,2,1,6,0,0,186,3,2,1,0,0,2448,1184,10,1173,2,48.37
Armavir,AM-AV,Ջրաշեն գյուղ,272,25,7,19,2,0,0,3,3,4,0,0,0,0,0,0,0,0,0,6,1,0,0,0,0,663,342,0,342,1,51.58
Armavir,AM-AV,Ջրառատ գյուղ,620,92,190,13,18,4,0,7,5,5,2,0,0,8,2,6,1,0,0,7,11,0,8,1,2,2495,1001,1,1002,2,40.12
Armavir,AM-AV,Ջրարբի գյուղ,468,33,16,10,1,0,4,5,4,1,5,0,1,1,0,0,2,0,4,3,0,1,5,0,0,1162,564,0,564,1,48.54
Armavir,AM-AV,Սարդարապատ գյուղ,1293,118,17,474,13,4,9,16,7,3,1,0,0,1,1,12,0,5,0,12,8,5,3,2,1,4513,2012,6,2005,3,44.58
Armavir,AM-AV,Վանանդ գյուղ,197,50,1,9,2,1,2,5,0,3,3,0,1,2,0,1,1,1,0,0,0,1,4,0,1,846,289,4,285,1,34.16
Armavir,AM-AV,Վարդանաշեն գյուղ,254,50,5,10,2,0,0,2,8,1,0,0,1,0,0,1,0,0,0,4,0,0,10,0,0,832,349,1,348,1,41.95
Armavir,AM-AV,Տալվորիկ գյուղ,44,33,0,9,1,0,2,1,0,0,1,0,0,0,2,0,0,0,0,4,2,0,0,0,0,243,99,0,99,1,40.74
Armavir,AM-AV,Տանձուտ գյուղ,360,100,6,53,9,15,0,8,2,4,4,0,0,0,0,3,0,0,0,10,6,0,1,0,0,1582,585,2,581,1,36.98
Armavir,AM-AV,Տարոնիկ գյուղ,468,134,0,168,3,2,0,13,0,2,1,0,1,0,2,0,1,2,0,9,9,4,3,0,1,1672,824,0,823,1,49.28
Armavir,AM-AV,Փարաքար գյուղ,2032,531,44,164,19,39,29,75,30,59,30,45,3,3,7,16,2,3,0,38,31,7,4,9,2,6958,3228,6,3222,4,46.39
Armavir,AM-AV,Փշատավան գյուղ,672,73,27,10,6,7,3,6,6,4,5,0,2,0,0,1,0,1,0,4,1,6,2,4,0,1774,841,1,840,1,47.41
Armavir,AM-AV,Քարակերտ գյուղ,1019,244,16,17,7,24,11,24,18,12,4,0,0,4,0,4,0,0,0,8,2,2,2,1,0,3259,1419,0,1419,2,43.54
Armavir,AM-AV,Ֆերիկ,82,3,0,11,1,0,0,0,0,0,0,0,0,0,0,0,0,0,0,3,0,1,0,0,0,352,101,0,101,1,28.69
Gegharkunik,AM-GR,Ախպրաձոր գյուղ,77,9,5,21,1,0,1,2,0,0,0,0,0,0,0,0,0,0,0,0,0,1,0,0,0,248,117,0,117,1,47.18
Gegharkunik,AM-GR,Ակունք գյուղ,1164,75,44,145,5,6,6,17,5,3,2,0,0,0,1,3,0,0,2,3,2,0,0,5,0,3057,1504,15,1488,2,49.2
Gegharkunik,AM-GR,Աստղաձոր գյուղ,1092,166,16,25,10,10,3,19,2,6,19,1,2,2,0,3,1,0,2,1,4,3,1,0,2,3046,1392,1,1390,2,45.7
Gegharkunik,AM-GR,Արծվանիստ գյուղ,765,116,97,8,41,8,6,4,9,5,0,0,0,3,1,1,0,0,0,0,0,3,2,0,0,2249,1069,0,1069,2,47.53
Gegharkunik,AM-GR,Բերդկունք գյուղ,87,5,22,7,2,1,1,5,0,3,0,1,0,0,1,1,0,0,0,2,0,0,0,0,0,219,138,0,138,1,63.01
Gegharkunik,AM-GR,Գանձակ գյուղ,1035,183,35,48,5,3,4,8,5,4,6,0,1,2,1,1,1,3,1,3,8,1,10,2,0,3339,1371,1,1370,2,41.06
Gegharkunik,AM-GR,Գավառ քաղաք,5567,1092,343,427,73,75,88,227,77,86,77,2,11,8,14,18,6,18,3,48,69,20,299,12,8,22704,8692,23,8668,12,38.28
Gegharkunik,AM-GR,Գեղամասար (2017-2021),1557,1371,153,541,25,27,33,63,36,11,19,1,8,16,22,15,10,8,6,47,10,15,3,5,3,6909,4028,20,4005,18,58.3
Gegharkunik,AM-GR,Գեղամավան գյուղ,399,294,3,7,1,0,2,8,6,4,1,1,2,3,1,0,0,0,0,2,1,0,3,0,1,1303,740,1,739,1,56.79
Gegharkunik,AM-GR,Գեղարքունիք գյուղ,496,25,26,7,0,3,1,4,3,3,3,0,0,0,0,0,0,0,0,1,1,0,1,0,0,1402,574,0,574,1,40.94
Gegharkunik,AM-GR,Գեղաքար գյուղ,36,17,0,8,1,0,0,3,0,0,0,0,0,5,0,0,0,0,0,0,0,0,0,0,0,120,70,0,70,1,58.33
Gegharkunik,AM-GR,Գեղհովիտ գյուղ,1681,150,18,55,64,14,4,58,52,7,5,0,1,1,2,6,1,2,0,4,0,0,2,1,0,4568,2130,2,2128,4,46.63
Gegharkunik,AM-GR,Դդմաշեն գյուղ,519,213,15,31,3,6,4,18,9,7,5,0,0,0,4,4,0,1,0,2,2,1,4,0,0,1862,848,0,848,1,45.54
Gegharkunik,AM-GR,Երանոս գյուղ,948,69,22,12,2,10,3,4,11,0,8,0,2,80,0,1,0,0,2,2,2,1,4,1,1,3791,1187,2,1185,2,31.31
Gegharkunik,AM-GR,Զոլաքար գյուղ,1311,477,8,25,32,24,8,36,18,8,3,0,7,3,10,9,1,1,0,7,4,3,3,1,1,5003,2009,9,2000,3,40.16
Gegharkunik,AM-GR,Զովաբեր գյուղ,473,70,72,18,5,3,1,13,14,10,2,0,1,1,4,1,1,0,0,0,4,2,3,1,0,1182,700,1,699,1,59.22
Gegharkunik,AM-GR,Լանջաղբյուր գյուղ,451,44,270,9,4,1,0,5,0,8,2,0,0,1,1,0,1,1,0,0,4,0,5,0,0,1803,808,1,807,1,44.81
Gegharkunik,AM-GR,Լիճք գյուղ,1012,89,6,30,4,5,0,7,15,7,12,0,2,2,1,4,0,1,0,9,5,0,0,2,0,3621,1215,2,1213,2,33.55
Gegharkunik,AM-GR,Լճաշեն գյուղ,1257,145,12,26,3,3,4,20,11,53,9,0,2,1,4,0,1,0,1,0,6,6,3,1,1,3111,1571,2,1569,2,50.5
Gegharkunik,AM-GR,Լճավան գյուղ,152,25,5,9,0,9,2,3,0,0,0,0,0,1,0,3,6,0,0,3,1,0,2,0,0,439,222,0,221,1,50.57
Gegharkunik,AM-GR,Լճափ գյուղ,292,25,16,22,0,1,10,11,2,2,8,0,1,1,0,0,0,0,0,0,2,0,0,0,0,877,393,0,393,1,44.81
Gegharkunik,AM-GR,Լուսակունք գյուղ,428,33,17,28,0,4,5,45,2,3,1,0,0,6,0,2,0,0,0,1,0,0,0,0,0,1074,578,1,575,1,53.82
Gegharkunik,AM-GR,Խաչաղբյուր գյուղ,266,73,10,27,0,1,6,11,6,5,1,0,0,4,3,0,0,0,0,0,0,2,2,0,0,924,419,2,417,1,45.35
Gegharkunik,AM-GR,Ծակքար գյուղ,512,39,38,4,2,1,2,1,5,2,3,0,1,0,15,0,2,0,0,2,4,10,1,1,0,2010,645,0,645,1,32.09
Gegharkunik,AM-GR,Ծաղկաշեն գյուղ,112,17,4,28,1,0,0,1,0,0,1,0,0,1,0,0,0,0,0,0,1,0,1,0,0,393,167,0,167,1,42.49
Gegharkunik,AM-GR,Ծաղկունք գյուղ,308,59,2,38,0,2,1,18,2,1,3,0,1,0,1,0,0,0,0,2,0,0,1,0,1,791,440,0,440,1,55.63
Gegharkunik,AM-GR,Ծովագյուղ գյուղ,925,198,53,279,4,21,4,23,26,10,9,1,3,3,2,14,2,1,0,7,6,4,4,2,1,3056,1609,7,1602,2,52.65
Gegharkunik,AM-GR,Ծովազարդ գյուղ,553,98,68,20,2,1,44,18,4,14,5,0,1,0,0,3,0,0,0,4,2,1,1,0,1,1623,842,2,840,1,51.88
Gegharkunik,AM-GR,Ծովակ գյուղ,903,144,5,22,4,2,8,51,1,1,1,0,2,1,1,1,1,0,2,2,1,1,2,2,0,2012,1158,0,1158,1,57.55
Gegharkunik,AM-GR,Ծովասար գյուղ,585,21,9,5,2,4,3,10,9,4,3,0,0,0,2,1,0,0,1,5,1,2,1,0,1,2053,669,0,669,1,32.59
Gegharkunik,AM-GR,Ծովինար գյուղ,1194,228,1,9,11,14,2,28,5,3,4,0,2,3,10,10,1,1,0,4,3,1,3,1,0,3414,1539,1,1538,2,45.08
Gegharkunik,AM-GR,Կարճաղբյուր գյուղ,534,109,7,62,9,2,1,21,1,3,3,0,3,0,1,2,0,0,0,4,2,2,0,1,0,1709,774,7,767,1,45.29
Gegharkunik,AM-GR,Կարմիրգյուղ գյուղ,1386,184,54,67,10,11,20,26,7,13,7,0,1,1,1,6,0,0,1,8,13,2,32,2,2,4493,1856,2,1854,3,41.31
Gegharkunik,AM-GR,Հայրավանք գյուղ,212,11,23,26,2,1,8,5,0,3,2,0,0,0,1,0,1,1,0,1,1,0,1,0,0,602,299,0,299,1,49.67
Gegharkunik,AM-GR,Ձորագյուղ գյուղ,831,84,175,22,2,3,1,6,10,14,3,2,2,0,1,0,0,0,0,1,5,2,0,2,0,3394,1176,9,1166,2,34.65
Gegharkunik,AM-GR,Ճամբարակ (2017-2022),2921,875,402,479,32,56,68,76,70,34,48,2,7,30,14,47,9,2,6,32,18,14,36,25,1,9693,5321,12,5304,13,54.9
Gegharkunik,AM-GR,Մադինա գյուղ,321,26,2,4,4,0,2,8,4,5,1,0,0,0,8,0,0,0,1,0,0,0,0,0,0,816,386,0,386,1,47.3
Gegharkunik,AM-GR,Մարտունի քաղաք,3621,603,225,378,24,25,19,67,181,35,21,0,3,2,13,37,3,1,5,8,21,6,6,2,0,10350,5321,15,5306,6,51.41
Gegharkunik,AM-GR,Մաքենիս գյուղ,72,65,7,18,0,1,2,1,0,1,1,0,1,0,0,0,0,0,0,2,0,0,2,1,0,332,174,0,174,1,52.41
Gegharkunik,AM-GR,Մեծ Մասրիկ գյուղ,681,215,11,33,3,6,3,18,5,6,2,0,2,2,1,2,0,0,4,3,5,0,4,7,3,1958,1016,0,1016,1,51.89
Gegharkunik,AM-GR,Ներքին Գետաշեն գյուղ,2225,255,7,44,12,12,2,32,7,8,13,3,2,11,5,2,1,1,0,6,7,0,7,0,1,6550,2676,13,2663,4,40.85
Gegharkunik,AM-GR,Նորակերտ գյուղ,263,24,8,15,0,4,4,10,0,0,2,0,0,0,11,0,0,0,0,2,1,0,0,0,0,648,344,0,344,1,53.09
Gegharkunik,AM-GR,Նորաշեն գյուղ,143,14,6,5,1,1,1,7,1,0,1,0,0,2,0,0,0,0,0,3,2,0,2,0,0,346,189,0,189,1,54.62
Gegharkunik,AM-GR,Նորատուս գյուղ,1076,328,326,118,21,25,23,28,17,35,15,0,2,3,18,6,0,2,0,31,10,6,21,4,1,4734,2121,5,2116,3,44.8
Gegharkunik,AM-GR,Շողակաթ (2017-2022),523,522,39,298,11,7,12,13,14,8,7,2,4,5,3,9,0,0,2,4,0,1,6,1,3,2422,1497,3,1494,6,61.81
Gegharkunik,AM-GR,Չկալովկա գյուղ,183,23,4,2,3,1,2,4,7,2,5,0,0,0,0,0,0,0,0,0,8,0,1,1,0,403,246,1,246,1,61.04
Gegharkunik,AM-GR,Սարուխան գյուղ,1449,94,116,73,19,11,7,34,11,17,10,1,2,1,3,4,1,1,0,4,9,2,24,0,0,5796,1895,2,1893,3,32.69
Gegharkunik,AM-GR,Սեմյոնովկա գյուղ,52,21,2,16,0,1,0,12,0,0,1,0,0,0,0,0,0,0,0,0,0,0,0,2,0,217,110,3,107,1,50.69
Gegharkunik,AM-GR,Սեվան քաղաք,5743,2175,453,497,72,95,55,308,139,127,92,7,19,41,42,35,14,4,5,68,108,23,29,22,12,19858,10230,29,10185,12,51.52
Gegharkunik,AM-GR,Վաղաշեն գյուղ,879,151,29,24,20,6,6,20,5,4,11,2,0,4,1,5,3,3,0,1,1,1,1,1,1,2967,1179,0,1179,2,39.74
Gegharkunik,AM-GR,Վանեվան գյուղ,127,23,5,9,0,2,0,5,0,0,2,0,0,0,1,0,0,0,0,2,1,0,0,0,0,265,177,0,177,1,66.79
Gegharkunik,AM-GR,Վարդաձոր գյուղ,455,108,8,5,38,0,0,0,4,2,2,1,0,2,0,2,0,0,0,1,0,0,4,0,1,1962,634,1,633,1,32.31
Gegharkunik,AM-GR,Վարդենիկ գյուղ,1872,116,7,29,8,36,10,111,10,11,9,1,2,1,1,5,1,2,0,2,3,2,7,3,3,6381,2255,0,2252,4,35.34
Gegharkunik,AM-GR,Վարդենիս (2017-2021),3264,727,291,373,27,54,92,184,29,24,37,0,4,13,6,6,7,4,10,12,21,3,11,4,1,10589,5215,11,5204,7,49.25
Gegharkunik,AM-GR,Վարսեր գյուղ,457,105,28,21,2,16,2,10,4,6,5,0,1,3,2,3,0,1,0,1,1,2,7,1,1,1321,681,2,679,1,51.55
Gegharkunik,AM-GR,Վերին Գետաշեն գյուղ,1140,94,26,43,1,3,1,14,16,6,3,0,2,1,76,2,2,0,1,3,11,1,3,0,0,3233,1450,1,1449,2,44.85
Gegharkunik,AM-GR,Տորֆավան գյուղ,111,13,0,11,1,0,0,2,0,0,0,0,0,0,3,1,1,0,0,0,0,0,0,0,0,326,143,0,143,1,43.87
Kotayk,AM-KT,Աբովյան քաղաք,9445,5321,545,2091,151,359,407,1117,371,362,333,17,63,67,52,50,20,28,10,208,258,87,78,45,20,44950,21618,104,21505,27,48.09
Kotayk,AM-KT,Ակունք,1976,611,139,873,10,24,24,110,30,40,20,3,5,4,4,9,4,2,0,17,39,5,14,5,1,7149,3974,4,3969,8,55.59
Kotayk,AM-KT,Առինջ գյուղ,595,353,31,1264,14,30,20,71,34,30,21,0,3,5,6,13,1,1,2,13,21,6,6,15,0,5110,2567,10,2555,3,50.23
Kotayk,AM-KT,Արամուս գյուղ,868,320,34,206,13,11,4,80,7,4,11,1,2,2,3,1,2,2,1,6,13,4,4,1,0,2957,1601,2,1600,2,54.14
Kotayk,AM-KT,Արգել գյուղ,744,226,101,87,10,15,3,96,15,16,8,0,4,1,2,17,3,0,1,13,12,1,8,0,0,2704,1386,3,1383,2,51.26
Kotayk,AM-KT,Արզնի,336,332,48,70,2,4,5,15,7,12,6,0,4,3,6,10,0,1,1,15,6,2,3,1,2,2274,893,2,891,2,39.27
Kotayk,AM-KT,Բալահովիտ գյուղ,599,394,24,114,8,19,10,48,26,18,22,5,1,2,2,4,4,0,1,11,28,9,1,4,1,2839,1361,6,1355,2,47.94
Kotayk,AM-KT,Բյուրեղավան,2322,1005,56,447,18,32,35,238,41,52,19,4,3,14,16,12,5,3,3,39,43,21,20,5,4,9034,4480,21,4457,6,49.59
Kotayk,AM-KT,Գառնի գյուղ,2419,403,124,86,17,22,14,47,20,31,17,2,4,6,7,13,1,2,2,19,11,7,6,9,2,6053,3295,5,3291,4,54.44
Kotayk,AM-KT,Գեղադիր գյուղ,143,19,1,123,0,1,1,5,2,1,2,0,1,2,0,1,0,0,0,3,5,2,0,1,0,563,314,1,313,1,55.77
Kotayk,AM-KT,Գեղաշեն գյուղ,981,155,35,137,16,8,6,135,6,15,3,0,1,1,3,0,1,0,0,10,8,6,10,1,0,3163,1540,0,1538,2,48.69
Kotayk,AM-KT,Գեղարդ գյուղ,89,19,8,10,1,1,0,1,0,1,1,0,0,0,0,1,0,0,0,0,0,0,0,0,0,269,132,0,132,1,49.07
Kotayk,AM-KT,Գետամեջ գյուղ,224,50,20,3,0,3,6,10,8,5,1,0,0,1,1,1,0,0,0,3,4,0,5,0,0,665,345,0,345,1,51.88
Kotayk,AM-KT,Գետարգել գյուղ,173,58,3,130,4,3,1,12,1,2,1,0,0,1,1,1,1,1,0,5,0,3,0,0,1,678,405,3,402,1,59.73
Kotayk,AM-KT,Գողթ գյուղ,566,247,3,52,1,10,2,7,5,8,5,0,0,2,4,6,0,1,1,3,3,5,2,0,3,1560,938,1,936,1,60.13
Kotayk,AM-KT,Եղվարդ (2017-2021),6382,1819,220,437,158,129,221,410,82,126,69,7,22,15,28,52,16,2,6,62,84,36,36,23,5,19819,10487,35,10447,13,52.91
Kotayk,AM-KT,Թեղենիք գյուղ,115,16,6,43,1,1,1,4,1,1,1,0,0,0,1,1,0,0,0,1,2,0,0,1,0,410,196,0,196,1,47.8
Kotayk,AM-KT,Լեռնանիստ գյուղ,960,68,10,219,19,30,1,6,8,4,5,1,1,0,2,0,2,0,0,1,11,0,1,0,1,2211,1351,1,1350,2,61.1
Kotayk,AM-KT,Ծաղկաձոր քաղաք,293,344,44,19,11,14,3,12,10,2,9,0,3,4,0,2,1,0,2,8,7,1,1,2,0,1190,795,3,792,1,66.81
Kotayk,AM-KT,Կաթնաղբյուր գյուղ,199,20,6,60,2,0,5,9,0,0,2,0,0,0,1,5,1,0,0,0,1,1,2,0,0,484,314,0,314,1,64.88
Kotayk,AM-KT,Կամարիս գյուղ,662,73,3,145,0,2,7,12,4,0,2,0,2,1,2,2,0,1,0,3,1,3,1,0,0,1763,926,0,926,1,52.52
Kotayk,AM-KT,Հացավան գյուղ,166,16,0,64,1,11,2,10,0,1,0,0,0,1,0,2,0,0,0,0,0,0,0,0,0,469,274,0,274,1,58.42
Kotayk,AM-KT,Հրազդան քաղաք,10376,5501,997,952,292,330,146,391,252,289,229,13,29,43,49,110,28,7,13,196,235,42,84,50,13,43980,20740,69,20667,30,47.16
Kotayk,AM-KT,Մայակովսկի գյուղ,384,103,83,92,2,4,5,33,3,8,4,0,1,3,3,0,0,1,0,6,3,3,4,0,0,1674,751,6,745,1,44.86
Kotayk,AM-KT,Մեղրաձոր (2017-2021),1029,561,128,70,11,29,5,28,23,13,11,0,2,8,6,3,2,1,2,3,7,3,15,0,1,4316,1963,4,1961,6,45.48
Kotayk,AM-KT,Մրգաշեն գյուղ,343,229,25,13,3,3,118,11,2,4,1,0,1,2,0,0,1,0,0,3,6,0,1,0,0,1612,767,1,766,1,47.58
Kotayk,AM-KT,Նոր Արտամետ գյուղ,222,127,2,41,4,0,4,12,2,0,5,1,0,4,1,5,2,1,0,6,3,3,0,0,0,895,446,1,445,1,49.83
Kotayk,AM-KT,Նոր Գեղի գյուղ,1179,618,137,122,12,30,19,48,22,27,32,1,2,7,12,96,2,3,6,26,28,1,7,8,4,4966,2461,9,2449,3,49.56
Kotayk,AM-KT,Նոր Երզնկա գյուղ,486,76,66,19,6,4,4,20,3,6,6,0,0,1,2,5,1,0,1,4,2,0,5,1,0,1406,720,2,718,1,51.21
Kotayk,AM-KT,Նոր Հաճն քաղաք,2563,760,161,410,22,80,72,192,63,105,43,4,11,9,16,152,4,2,5,44,62,16,23,7,10,8869,4864,25,4836,5,54.84
Kotayk,AM-KT,Ողջաբերդ գյուղ,273,43,11,35,0,5,2,14,5,7,2,1,0,1,2,1,1,0,0,3,2,0,0,0,0,738,409,1,408,1,55.42
Kotayk,AM-KT,Չարենցավան,8081,3252,531,546,108,193,209,409,206,182,123,8,31,42,36,31,27,13,5,139,142,53,134,32,7,29935,14613,71,14540,19,48.82
Kotayk,AM-KT,Պռոշյան գյուղ,1330,520,56,14,12,15,11,59,15,17,18,0,4,2,68,4,0,2,2,18,13,2,4,3,0,4312,2198,5,2189,3,50.97
Kotayk,AM-KT,Պտղնի գյուղ,252,91,5,167,5,8,5,17,4,13,3,0,0,3,0,2,0,1,0,8,5,3,0,1,0,1326,593,0,593,1,44.72
Kotayk,AM-KT,Ջրառատ գյուղ,81,104,2,15,1,0,0,3,0,1,1,0,0,1,0,0,0,0,0,0,1,0,0,0,0,447,212,2,210,1,47.43
Kotayk,AM-KT,Ջրվեժ,2299,732,185,233,23,52,58,152,72,89,52,3,5,17,15,11,0,5,4,37,53,12,17,18,2,8423,4161,13,4146,5,49.4
Kotayk,AM-KT,Սոլակ գյուղ,686,131,10,22,5,22,3,22,3,15,4,0,1,2,5,13,1,1,1,8,6,1,2,1,0,1919,969,3,965,1,50.5
Kotayk,AM-KT,Վերին Պտղնի գյուղ,246,38,9,105,2,3,2,11,7,4,4,12,0,2,0,0,0,0,0,3,1,2,0,3,0,783,454,0,454,1,57.98
Kotayk,AM-KT,Քաղսի գյուղ,778,93,20,21,15,73,2,19,17,8,7,1,1,4,5,4,4,0,0,2,8,2,5,0,0,1911,1093,4,1089,1,57.2
Kotayk,AM-KT,Քանաքեռավան գյուղ,983,309,12,65,11,22,11,36,29,17,13,1,1,5,5,6,1,2,1,13,18,9,5,4,2,3151,1586,5,1581,2,50.33
Kotayk,AM-KT,Քասախ գյուղ,1420,434,266,125,60,33,36,36,15,31,35,1,3,3,11,7,1,5,2,19,25,7,8,2,1,4560,2594,4,2586,3,56.89
Kotayk,AM-KT,Քարաշամբ գյուղ,129,35,115,13,1,1,1,13,5,0,4,0,0,1,0,0,2,0,1,0,1,1,1,0,0,565,324,0,324,1,57.35
Lori,AM-LO,Ազնվաձոր գյուղ,79,31,23,22,12,4,1,4,0,2,3,0,0,0,3,0,0,0,0,0,0,0,0,0,0,410,184,0,184,1,44.88
Lori,AM-LO,Ալավերդի (2017-2022),4918,708,1544,261,184,127,44,157,106,104,55,3,14,18,25,95,3,5,5,52,66,21,15,9,3,18806,8554,12,8542,20,45.49
Lori,AM-LO,Ախթալա (2017-2022),1404,402,243,82,89,49,8,52,35,17,14,0,4,8,12,8,2,3,0,12,16,3,2,0,2,5305,2470,3,2467,8,46.56
Lori,AM-LO,Անտառամուտ գյուղ,102,13,5,6,8,1,0,3,0,1,15,0,0,0,1,0,0,0,0,1,0,1,0,0,0,250,157,0,157,1,62.8
Lori,AM-LO,Անտառաշեն գյուղ,29,7,24,11,3,0,1,0,1,0,1,0,0,1,0,1,1,0,0,0,0,0,0,0,0,172,80,0,80,1,46.51
Lori,AM-LO,Արեվաշող գյուղ,684,126,106,40,9,5,2,14,12,10,9,1,0,2,3,2,2,2,0,4,7,2,1,2,1,2156,1048,2,1046,2,48.61
Lori,AM-LO,Արջհովիտ գյուղ,74,53,81,3,1,0,0,3,4,3,1,0,0,0,0,0,0,0,0,0,0,1,0,0,0,378,225,1,224,1,59.52
Lori,AM-LO,Արջուտ գյուղ,201,59,15,11,7,4,1,1,0,2,33,0,0,2,1,0,0,0,1,0,1,0,1,0,0,757,340,0,340,1,44.91
Lori,AM-LO,Բազում գյուղ,455,72,8,33,7,5,8,12,0,2,4,0,0,0,1,0,0,0,0,3,4,1,2,0,0,1309,617,0,617,1,47.14
Lori,AM-LO,Գեղասար գյուղ,182,24,30,9,3,2,0,8,1,0,1,0,0,0,0,1,0,0,0,0,1,0,0,0,0,618,264,2,262,1,42.72
Lori,AM-LO,Գյուլագարակ,2130,710,86,229,60,40,16,48,32,16,16,2,10,6,10,22,4,1,1,16,22,5,7,3,2,6694,3504,9,3494,7,52.35
Lori,AM-LO,Գոգարան գյուղ,302,11,55,0,5,0,2,5,11,1,1,0,1,0,1,0,2,0,0,1,0,5,0,0,0,901,403,0,403,1,44.73
Lori,AM-LO,Գուգարք գյուղ,1367,193,113,108,61,15,15,37,17,24,9,1,5,3,5,5,3,0,0,9,5,2,8,3,1,4516,2016,7,2009,3,44.64
Lori,AM-LO,Դարպաս գյուղ,373,115,85,27,13,7,5,14,3,5,8,0,1,2,0,0,0,1,0,1,7,4,2,0,0,1487,675,2,673,1,45.39
Lori,AM-LO,Դեբետ գյուղ,222,82,3,18,12,0,2,2,4,2,8,0,1,0,1,0,0,0,0,1,0,0,0,1,1,648,360,0,360,1,55.56
Lori,AM-LO,Դսեղ գյուղ,556,62,71,73,20,7,5,16,6,6,17,0,0,0,2,2,1,0,1,8,1,3,5,2,0,1701,867,3,864,1,50.97
Lori,AM-LO,Եղեգնուտ գյուղ,245,33,4,8,3,1,1,1,2,1,1,0,2,0,1,1,0,1,0,6,2,0,2,0,0,657,315,0,315,1,47.95
Lori,AM-LO,Թումանյան (2016-2021),1355,260,69,56,44,15,7,17,6,3,6,0,1,5,5,26,3,1,0,10,5,0,0,1,0,3590,1911,1,1895,7,53.23
Lori,AM-LO,Լեռնանցք գյուղ,335,18,68,20,2,7,2,4,13,3,1,0,0,2,0,1,1,0,0,0,1,0,1,2,0,1077,481,0,481,1,44.66
Lori,AM-LO,Լեռնապատ գյուղ,607,45,11,10,4,9,2,4,4,5,3,0,1,1,0,1,0,0,0,12,0,0,0,0,0,1526,722,3,719,1,47.31
Lori,AM-LO,"Լեռնաջուր
 գյուղ",22,5,2,6,2,4,0,0,0,1,0,0,0,0,0,0,0,0,0,0,0,0,0,0,0,122,42,0,42,1,34.43
Lori,AM-LO,Լեռնավան գյուղ,314,34,25,16,2,6,0,6,4,4,0,0,0,1,0,1,0,0,0,3,7,1,2,2,0,1181,428,0,428,1,36.24
Lori,AM-LO,Լերմոնտովո գյուղ,72,32,20,8,3,1,0,1,1,0,0,1,0,0,0,0,0,0,0,2,1,0,0,0,0,554,142,0,142,1,25.63
Lori,AM-LO,Լոռի Բերդ,1503,246,50,180,37,12,9,45,21,15,13,0,8,18,8,3,3,1,3,18,5,2,4,10,0,4331,2215,1,2214,9,51.14
Lori,AM-LO,Լուսաղբյուր գյուղ,289,41,66,23,6,0,0,2,11,0,0,0,0,0,1,0,0,0,2,0,0,1,1,0,0,804,445,2,443,1,55.35
Lori,AM-LO,Խնկոյան գյուղ,92,12,12,3,7,0,1,2,3,0,1,0,0,0,0,0,0,0,0,2,0,0,0,0,0,241,136,1,135,1,56.43
Lori,AM-LO,Ծաղկաբեր գյուղ,324,21,9,6,24,2,4,2,5,0,0,0,0,1,1,1,0,0,15,2,0,0,0,0,1,985,418,0,418,1,42.44
Lori,AM-LO,Կաթնաջուր գյուղ,360,44,76,10,5,3,9,12,2,3,0,0,1,1,3,0,2,0,5,4,1,0,1,0,0,1381,544,2,542,1,39.39
Lori,AM-LO,Հարթագյուղ գյուղ,204,13,69,35,4,2,3,3,4,1,0,0,1,0,0,1,0,1,1,1,1,2,0,0,0,885,346,0,346,1,39.1
Lori,AM-LO,Ձորագետ գյուղ,45,20,28,6,7,3,0,3,2,0,2,0,0,1,1,0,0,0,0,1,0,0,0,0,0,202,119,0,119,1,58.91
Lori,AM-LO,Ձորագյուղ գյուղ,139,3,1,2,6,0,2,2,3,0,2,0,0,0,0,0,0,0,0,0,1,0,1,1,0,268,163,0,163,1,60.82
Lori,AM-LO,Մարգահովիտ գյուղ,900,40,26,158,7,4,12,20,2,5,9,0,1,6,1,6,1,1,0,4,4,2,3,3,0,2753,1214,0,1215,2,44.1
Lori,AM-LO,Մեծ Պարնի գյուղ,492,62,47,51,10,4,2,18,0,2,1,0,0,0,0,1,0,0,1,4,1,0,4,1,0,1601,703,2,701,1,43.91
Lori,AM-LO,Մեծավան (2017-2022),1277,549,11,70,8,6,3,9,5,8,3,0,4,6,1,1,0,4,2,11,6,1,0,1,0,5161,1998,12,1986,6,38.71
Lori,AM-LO,Նոր Խաչակապ գյուղ,74,82,15,6,3,0,5,8,6,2,2,0,0,1,0,0,1,0,0,5,3,0,0,0,0,475,214,1,213,1,45.05
Lori,AM-LO,Շահումյան գյուղ,497,83,57,66,34,4,10,23,12,8,9,0,0,2,1,5,3,0,0,5,6,3,5,2,0,1896,835,0,835,1,44.04
Lori,AM-LO,Շենավան գյուղ,103,45,30,2,2,2,0,2,4,3,3,1,0,1,0,1,0,0,0,0,0,1,1,0,0,347,201,0,201,1,57.93
Lori,AM-LO,"Շիրակամուտ
 գյուղ",440,119,86,32,17,8,4,8,4,13,11,0,0,3,4,2,0,0,1,5,4,0,1,1,0,1705,766,3,763,1,44.93
Lori,AM-LO,Շնող (2017-2022),1107,251,63,122,29,17,17,27,20,47,13,3,5,6,11,14,1,2,4,11,6,1,5,9,1,3181,1797,1,1792,4,56.49
Lori,AM-LO,Չկալով գյուղ,59,15,1,3,5,0,1,3,0,0,0,0,0,0,0,0,0,0,0,0,0,0,0,0,0,145,87,0,87,1,60.0
Lori,AM-LO,Ջրաշեն գյուղ,782,98,125,44,10,4,15,9,18,4,3,0,0,0,0,2,1,3,0,7,1,1,1,1,0,2577,1129,0,1129,2,43.81
Lori,AM-LO,Սարալանջ գյուղ,28,12,33,11,3,0,1,1,0,1,1,0,0,0,0,1,0,0,0,0,0,0,0,0,0,167,92,0,92,1,55.09
Lori,AM-LO,Սարահարթ գյուղ,299,34,64,26,10,1,7,7,5,5,2,0,0,1,0,0,1,0,1,4,2,0,0,1,0,1065,470,0,470,1,44.13
Lori,AM-LO,Սարամեջ գյուղ,347,41,31,11,7,0,2,4,0,1,3,0,0,0,0,2,0,0,0,3,0,1,0,2,0,1087,455,0,455,1,41.86
Lori,AM-LO,Սարչապետ (2017-2022),1165,399,7,65,10,7,6,9,13,6,1,1,1,4,6,3,2,0,1,18,3,5,0,0,2,4592,1739,4,1734,7,37.87
Lori,AM-LO,Սպիտակ քաղաք,3640,1160,785,343,58,38,47,186,143,59,40,1,9,17,8,7,10,3,20,35,31,9,6,13,2,13271,6698,23,6670,9,50.47
Lori,AM-LO,Ստեփանավան,3669,1208,185,496,84,45,64,134,77,52,65,2,35,29,13,16,7,11,2,80,66,13,14,16,2,14628,6414,20,6385,13,43.85
Lori,AM-LO,Վահագնաձոր գյուղ,53,47,7,19,10,0,1,1,0,1,1,0,1,0,0,0,0,0,0,1,0,1,1,0,0,249,144,0,144,1,57.83
Lori,AM-LO,Վահագնի գյուղ,283,25,38,17,27,2,6,10,2,6,5,0,0,1,2,3,1,1,0,1,1,0,1,0,0,850,433,1,432,1,50.94
Lori,AM-LO,Վանաձոր քաղաք,25985,6864,2064,1519,1636,601,731,1164,711,694,504,29,63,112,77,139,51,18,34,498,451,132,200,80,29,94315,44597,187,44386,59,47.29
Lori,AM-LO,Տաշիր (2017-2022),2406,2096,47,98,44,17,19,41,44,31,21,0,12,15,10,14,1,1,2,34,22,6,9,3,1,12414,5003,10,4994,14,40.3
Lori,AM-LO,Փամբակ գյուղ,103,22,32,5,3,0,3,1,0,1,0,0,1,0,1,0,0,0,0,0,1,2,0,0,0,292,175,0,175,1,59.93
Lori,AM-LO,Քարաբերդ գյուղ,20,5,5,1,3,0,0,0,0,0,0,0,0,0,1,0,0,1,0,0,0,0,0,0,0,68,36,0,36,1,52.94
Lori,AM-LO,Քարաձոր գյուղ,98,14,16,7,2,1,2,6,1,3,2,0,0,0,0,0,0,0,0,0,1,0,0,0,0,329,154,1,153,1,46.81
Lori,AM-LO,Օձուն (2017-2022),2230,376,276,157,70,66,10,34,22,32,10,3,1,3,5,12,6,3,4,22,19,5,7,3,1,6197,3386,8,3377,10,54.64
Lori,AM-LO,Ֆիոլետովո,54,63,61,9,2,0,0,0,0,0,1,0,1,2,1,0,0,0,1,0,0,0,0,0,0,906,198,0,195,1,21.85
Shirak,AM-SH,Ազատան գյուղ,1338,239,21,39,17,13,8,19,8,8,9,2,2,0,8,2,2,0,2,4,4,2,2,4,1,3919,1754,0,1754,2,44.76
Shirak,AM-SH,Ախուրիկ գյուղ,279,11,12,7,4,12,6,2,0,3,2,0,1,1,1,0,0,0,0,2,1,1,0,0,0,846,346,1,345,1,40.9
Shirak,AM-SH,Ախուրյան (2017-2021),3956,679,131,144,86,43,31,103,59,40,43,0,8,6,10,10,3,2,2,24,40,11,17,3,2,13230,5464,9,5453,12,41.3
Shirak,AM-SH,Ամասիա (2016-2021),1083,391,137,78,16,18,23,25,8,11,10,0,3,3,8,4,1,1,1,19,8,5,4,1,0,4210,1862,4,1858,9,44.23
Shirak,AM-SH,Անի,4964,1091,326,231,66,78,48,126,92,58,65,3,18,29,29,10,5,2,2,28,44,19,14,7,3,17101,7378,22,7358,20,43.14
Shirak,AM-SH,Անուշավան գյուղ,532,41,3,21,7,3,10,8,10,4,19,2,0,0,1,1,0,0,1,2,5,13,3,0,1,1573,690,2,687,1,43.87
Shirak,AM-SH,Աշոցք (2016-2021),1580,524,68,192,35,52,25,47,7,10,18,0,4,2,2,32,0,5,0,7,7,4,5,3,3,5667,2638,6,2632,12,46.55
Shirak,AM-SH,Առափի գյուղ,495,40,1,8,9,0,1,11,6,4,3,0,1,1,1,1,0,0,0,1,3,2,0,6,0,1296,596,2,594,1,45.99
Shirak,AM-SH,Արեվշատ գյուղ,588,50,3,3,1,5,5,7,13,4,2,0,1,0,0,2,0,0,0,2,2,2,0,0,0,1393,688,0,690,1,49.39
Shirak,AM-SH,Արթիկ քաղաք,4830,1224,127,104,32,93,62,141,82,74,69,0,1,10,16,15,3,2,7,59,58,98,19,37,5,15301,7183,13,7168,10,46.94
Shirak,AM-SH,Արփի (2016-2021),406,43,48,43,9,8,2,3,1,9,3,0,0,2,0,2,0,1,0,0,3,1,3,0,0,1584,588,1,587,9,37.12
Shirak,AM-SH,Բայանդուր գյուղ,213,33,0,9,3,2,2,12,2,1,8,0,0,1,2,0,0,0,0,4,1,0,1,1,0,537,295,0,295,1,54.93
Shirak,AM-SH,Բենիամին գյուղ,146,40,11,6,1,1,0,5,3,1,3,1,0,0,0,0,0,0,0,3,0,1,0,0,0,549,222,0,222,1,40.44
Shirak,AM-SH,Գեղանիստ գյուղ,308,68,18,17,3,2,0,8,2,0,6,0,0,1,0,0,0,0,0,1,1,1,1,0,0,891,437,0,437,1,49.05
Shirak,AM-SH,Գետափ գյուղ,249,53,12,2,4,2,0,2,4,1,1,0,0,0,0,0,0,1,0,2,0,1,0,2,1,655,339,2,337,1,51.76
Shirak,AM-SH,Գետք գյուղ,164,26,3,6,4,7,31,4,0,1,2,0,0,0,0,0,0,0,1,3,1,2,1,0,0,467,258,2,256,1,55.25
Shirak,AM-SH,Գյումրի,28246,7698,1424,1501,1018,684,632,1354,875,688,577,11,76,116,107,115,86,25,23,473,466,116,174,142,23,122118,46922,249,46650,82,38.42
Shirak,AM-SH,Երազգավորս գյուղ,383,48,23,14,16,1,3,10,1,13,4,0,0,0,1,0,0,1,0,1,3,1,3,0,0,1128,526,0,526,1,46.63
Shirak,AM-SH,Լեռնակերտ գյուղ,272,61,4,10,2,2,0,8,5,0,3,0,0,0,2,0,0,0,0,1,0,2,3,1,0,1057,377,0,376,1,35.67
Shirak,AM-SH,Լուսակերտ գյուղ,147,73,0,0,2,0,10,0,1,1,4,0,0,0,1,0,1,0,1,1,0,0,0,0,0,502,243,1,242,1,48.41
Shirak,AM-SH,Հայկասար գյուղ,34,26,3,4,3,0,0,0,0,0,0,0,0,0,0,1,0,0,1,0,0,0,0,0,0,161,72,0,72,1,44.72
Shirak,AM-SH,Հայկավան գյուղ,323,41,24,5,9,3,2,3,2,7,3,0,1,1,0,0,0,0,0,4,5,0,0,0,0,977,435,2,433,1,44.52
Shirak,AM-SH,Հայրենյաց գյուղ,108,90,3,6,1,0,0,10,1,0,2,0,1,1,0,1,0,0,0,0,3,0,2,0,0,575,229,0,229,1,39.83
Shirak,AM-SH,Հառիճ գյուղ,270,52,3,23,2,2,1,8,5,4,3,0,1,0,1,0,0,0,16,1,3,2,1,0,0,856,399,1,398,1,46.61
Shirak,AM-SH,Հոռոմ գյուղ,531,52,13,98,14,6,1,3,1,2,2,0,3,0,1,1,2,0,1,4,7,3,0,1,0,1567,746,0,746,1,47.61
Shirak,AM-SH,Հովտաշեն գյուղ,96,44,1,5,9,0,0,2,0,0,0,0,1,0,0,0,0,0,1,0,0,0,0,0,0,265,159,0,159,1,60.0
Shirak,AM-SH,Ղարիբջանյան գյուղ,262,27,12,5,4,2,1,4,1,1,1,0,1,1,0,0,0,0,0,2,1,1,0,0,1,757,327,0,327,1,43.2
Shirak,AM-SH,Մարմաշեն (2017-2021),2569,586,107,122,130,34,20,74,24,21,15,1,2,5,14,7,1,2,2,25,14,6,7,1,1,8787,3797,6,3790,15,43.21
Shirak,AM-SH,Մեծ  Մանթաշ գյուղ,667,51,21,14,2,11,6,15,4,5,6,0,3,2,1,0,0,0,0,3,5,0,1,0,0,1694,817,0,817,1,48.23
Shirak,AM-SH,Մեղրաշեն գյուղ,297,90,4,23,0,1,5,5,1,0,1,0,0,0,0,1,1,1,0,1,2,0,0,0,0,951,434,1,433,1,45.64
Shirak,AM-SH,Նահապետավան գյուղ,222,39,2,7,2,2,0,3,0,0,1,0,0,1,0,0,0,0,1,0,0,1,0,0,0,628,282,1,281,1,44.9
Shirak,AM-SH,Նոր կյանք գյուղ,355,67,3,5,2,2,0,10,4,8,3,0,1,1,2,2,0,0,1,2,5,2,0,0,0,1177,475,0,475,1,40.36
Shirak,AM-SH,Ոսկեհասկ գյուղ,426,44,0,4,3,6,2,11,0,4,4,0,4,1,2,1,0,0,0,2,2,2,1,0,0,1547,515,0,519,1,33.29
Shirak,AM-SH,Պեմզաշեն գյուղ,889,103,16,12,6,10,5,16,5,2,3,0,1,4,1,0,0,0,1,4,6,3,4,0,0,2263,1091,0,1091,2,48.21
Shirak,AM-SH,Սարալանջ գյուղ,423,24,5,2,1,1,1,6,8,1,0,0,0,0,0,0,0,0,0,0,0,1,2,1,2,829,478,0,478,1,57.66
Shirak,AM-SH,Սարապատ (2016-2021),800,260,45,188,28,28,14,28,6,3,14,0,1,5,3,50,0,1,1,7,3,2,2,0,0,2786,1492,3,1489,15,53.55
Shirak,AM-SH,Սարատակ գյուղ,347,71,13,14,8,0,2,6,14,5,0,0,2,0,0,0,0,0,0,1,0,0,1,1,2,1012,488,1,487,1,48.22
Shirak,AM-SH,Սպանդարյան գյուղ,437,39,12,3,4,1,10,16,2,3,3,0,0,0,0,2,0,0,0,0,2,1,3,0,0,1172,539,1,538,1,45.99
Shirak,AM-SH,Վարդաքար գյուղ,136,38,2,12,3,2,1,2,3,1,1,0,1,0,0,0,1,0,0,0,9,0,0,0,0,495,212,0,212,1,42.83
Shirak,AM-SH,Տուֆաշեն գյուղ,102,18,15,3,0,0,0,3,2,1,0,0,1,0,2,0,0,0,1,0,0,0,2,0,0,327,150,0,150,1,45.87
Shirak,AM-SH,Փանիկ գյուղ,664,103,13,36,11,8,9,17,5,11,13,0,0,0,0,2,3,0,1,4,3,7,4,0,0,2224,915,1,914,2,41.14
Shirak,AM-SH,Փոքր Մանթաշ գյուղ,515,68,7,25,7,6,4,10,4,2,6,0,0,0,1,1,0,0,0,1,0,2,0,0,0,1701,659,0,659,1,38.74
Syunik,AM-SU,Գորայք (2017-2022),611,131,27,29,8,9,11,12,20,3,0,0,0,1,1,3,0,0,0,2,2,0,1,1,0,1435,875,2,872,4,60.98
Syunik,AM-SU,Գորիս,7085,3203,842,468,192,81,371,220,188,91,275,4,23,33,63,37,16,7,20,92,62,25,31,24,9,23582,13466,47,13462,19,57.1
Syunik,AM-SU,Կապան,10685,6641,351,1344,123,162,816,533,189,193,213,21,33,41,67,41,26,12,8,197,121,51,77,25,17,35947,22078,78,21987,52,61.42
Syunik,AM-SU,Մեղրի,3540,1869,59,151,26,64,254,205,88,81,32,4,18,13,43,11,7,5,1,38,25,17,27,6,4,9998,6607,15,6588,16,66.08
Syunik,AM-SU,Սիսիան (2017-2022),8403,2820,220,343,172,143,242,207,93,67,67,6,28,43,29,31,6,7,7,41,51,15,22,16,3,23705,13113,47,13082,37,55.32
Syunik,AM-SU,Տաթև,1545,652,55,53,19,9,29,16,24,5,18,0,4,5,4,2,5,0,5,27,3,2,3,1,1,4489,2506,4,2487,8,55.83
Syunik,AM-SU,Տեղ,1448,496,252,33,16,8,19,21,6,7,20,2,2,10,7,2,1,4,2,9,2,0,4,0,2,4051,2380,3,2373,7,58.75
Syunik,AM-SU,Քաջարան,1976,2640,15,57,14,19,62,144,26,41,11,2,9,11,12,14,3,0,0,11,12,7,7,4,3,6542,5120,20,5100,8,78.26
Tavush,AM-TV,Ազատամուտ գյուղ,1056,100,11,37,10,11,4,12,4,10,6,0,2,3,3,0,1,1,2,6,6,0,3,1,0,2352,1292,2,1289,2,54.93
Tavush,AM-TV,Ակնաղբյուր գյուղ,197,48,4,15,2,0,4,2,2,1,0,0,0,0,0,0,0,0,0,1,0,1,0,0,0,396,277,0,277,1,69.95
Tavush,AM-TV,Աճարկուտ գյուղ,69,5,0,5,4,0,1,1,0,0,3,0,0,0,0,0,0,0,0,2,0,0,0,0,0,145,90,0,90,1,62.07
Tavush,AM-TV,Այգեհովիտ գյուղ,1225,110,10,28,9,13,17,9,18,4,7,0,0,0,5,1,1,0,1,6,1,2,1,0,4,2703,1472,0,1472,2,54.46
Tavush,AM-TV,Այրում (2016-2021),2643,802,95,110,394,29,31,46,22,51,22,2,4,19,8,8,4,4,3,19,14,12,8,18,3,8421,4394,23,4371,10,52.18
Tavush,AM-TV,Աչաջուր գյուղ,1367,248,29,40,21,28,9,8,3,24,10,0,3,2,4,8,1,0,0,4,2,5,1,1,2,3344,1822,2,1820,2,54.49
Tavush,AM-TV,Բերդ,8977,2444,312,316,159,128,87,140,154,96,140,6,30,32,48,46,9,7,12,71,56,84,34,27,11,26194,13464,30,13426,22,51.4
Tavush,AM-TV,Բերքաբեր գյուղ,245,31,1,5,4,3,2,1,1,6,2,0,0,0,0,0,0,0,0,0,0,0,0,0,0,461,301,0,301,1,65.29
Tavush,AM-TV,Գանձաքար գյուղ,1200,118,16,30,2,4,4,9,5,1,4,1,3,1,1,1,0,0,0,2,5,0,2,1,0,2759,1410,0,1410,2,51.11
Tavush,AM-TV,Գետահովիտ գյուղ,1130,122,20,17,3,5,7,13,4,6,6,0,0,1,1,5,0,0,0,5,4,3,6,2,4,2017,1374,8,1364,1,68.12
Tavush,AM-TV,Դիլիջան,6449,1756,362,449,70,88,169,217,56,117,58,6,10,25,27,31,8,5,12,99,95,17,21,31,11,20774,10227,32,10189,18,49.23
Tavush,AM-TV,Դիտավան գյուղ,140,50,0,23,3,1,0,4,0,0,0,0,0,1,0,0,0,0,0,0,0,0,0,0,0,303,222,0,222,1,73.27
Tavush,AM-TV,Ենոքավան գյուղ,263,10,8,5,1,1,2,1,1,0,2,0,0,0,1,0,0,0,1,0,0,1,0,1,0,431,298,0,298,1,69.14
Tavush,AM-TV,Իջեվան քաղաք,5923,1371,223,309,67,85,72,84,49,61,56,1,5,14,16,22,9,0,4,42,48,15,18,18,3,14618,8516,8,8515,8,58.26
Tavush,AM-TV,Լուսահովիտ գյուղ,129,11,8,6,3,0,0,2,1,0,0,0,0,0,0,0,0,0,0,1,0,0,1,0,0,264,163,1,162,1,61.74
Tavush,AM-TV,Լուսաձոր գյուղ,270,19,5,17,2,3,3,3,0,3,1,0,0,1,2,0,1,0,0,0,3,1,2,1,0,557,337,0,337,1,60.5
Tavush,AM-TV,Խաշթառակ գյուղ,687,54,4,12,1,5,6,5,2,5,0,0,1,2,0,4,0,0,0,1,0,0,1,1,0,1451,791,0,791,1,54.51
Tavush,AM-TV,Ծաղկավան գյուղ,279,14,11,4,5,2,2,0,0,1,0,0,0,0,1,1,0,0,0,0,2,1,0,0,1,501,324,0,324,1,64.67
Tavush,AM-TV,Կիրանց գյուղ,140,17,2,7,0,1,3,2,2,2,2,0,0,0,0,0,0,0,0,0,0,0,1,3,0,301,182,0,182,1,60.47
Tavush,AM-TV,Կողբ (2016-2021),1564,892,84,61,75,27,29,73,31,45,14,3,5,10,15,12,3,6,2,23,21,8,6,21,3,5235,3056,23,3033,4,58.38
Tavush,AM-TV,Նոյեմբերյան (2016-2021),4327,1001,155,165,290,104,55,82,33,204,59,2,13,14,17,20,2,7,2,80,35,8,18,26,9,12994,6734,9,6728,12,51.82
Tavush,AM-TV,Սարիգյուղ գյուղ,426,23,6,43,1,0,3,7,0,11,1,0,0,0,1,4,0,0,0,2,1,0,0,0,0,995,529,1,529,1,53.17
Tavush,AM-TV,Սեվքար գյուղ,805,68,11,51,4,6,2,7,6,4,4,0,1,2,1,6,0,0,0,2,4,1,0,1,1,1761,988,1,987,1,56.1
Tavush,AM-TV,Վազաշեն գյուղ,296,77,2,8,4,3,4,0,1,0,1,2,0,0,2,2,1,0,0,1,0,0,1,2,0,715,414,7,407,1,57.9
Vayots Dzor,AM-VD,Արենի,3439,737,122,179,98,36,36,142,68,69,28,2,4,15,9,17,2,40,1,21,28,13,13,19,1,8777,5154,11,5139,9,58.72
Vayots Dzor,AM-VD,Գլաձոր (2017-2021),1759,343,139,87,24,12,17,77,7,19,13,0,1,13,9,14,1,2,0,6,12,12,15,4,0,4684,2589,3,2586,3,55.27
Vayots Dzor,AM-VD,Եղեգիս,1651,647,275,94,51,15,9,66,13,8,13,0,3,3,7,9,3,1,1,4,10,9,4,5,1,4917,2905,2,2902,12,59.08
Vayots Dzor,AM-VD,Եղեգնաձոր քաղաք,2261,612,186,261,60,60,48,112,41,41,65,1,9,9,9,35,3,1,1,35,24,22,16,24,2,7452,3946,7,3938,4,52.95
Vayots Dzor,AM-VD,Զառիթափ (2016-2021),1200,296,170,329,21,13,10,22,14,17,8,0,4,6,5,3,0,3,0,11,5,4,4,1,3,3458,2155,6,2149,9,62.32
Vayots Dzor,AM-VD,Մալիշկա գյուղ,1133,104,103,104,14,12,7,74,6,4,7,0,0,0,1,5,1,0,1,83,9,2,4,1,0,3692,1677,2,1675,2,45.42
Vayots Dzor,AM-VD,Ջերմուկ (2016-2021),1755,616,455,189,43,35,46,74,50,162,37,6,17,63,13,6,5,8,3,67,28,15,11,13,1,7249,3728,8,3718,7,51.43
Vayots Dzor,AM-VD,Վայք (2016-2021),2068,715,345,445,54,31,30,88,31,29,29,0,1,7,6,12,4,4,1,28,20,7,6,4,3,6408,3976,8,3968,7,62.05
Yerevan,AM-ER,Աջափնյակ,19180,11109,3565,978,553,1076,707,1717,1037,1105,840,25,143,191,216,204,76,63,25,618,756,193,211,273,65,86419,45154,224,44926,52,52.25
Yerevan,AM-ER,Ավան,8244,5660,2854,504,272,570,337,861,589,500,518,28,40,106,67,157,42,24,10,295,363,114,109,115,37,40896,22562,123,22416,23,55.17
Yerevan,AM-ER,Արաբկիր,16115,17986,2044,954,760,1963,866,2395,1766,1396,1330,47,186,183,154,194,145,60,17,736,920,351,211,358,84,97078,51587,290,51221,54,53.14
Yerevan,AM-ER,Դավթաշեն,7911,4804,888,602,311,480,286,800,501,392,418,18,40,67,76,49,44,11,6,238,308,85,73,107,25,33937,18683,96,18540,19,55.05
Yerevan,AM-ER,Էրեբունի,21514,12859,2585,912,453,923,513,1451,859,987,657,22,121,276,129,156,86,31,28,503,780,156,193,161,85,95716,46740,215,46440,52,48.83
Yerevan,AM-ER,Կենտրոն,15777,18595,2010,1341,890,1815,616,2115,1440,1207,1173,55,202,160,134,238,154,43,28,633,927,308,216,321,85,96655,50768,243,50483,56,52.52
Yerevan,AM-ER,Մալաթիա-Սեբաստիա,27065,12471,2289,822,582,1183,827,2251,971,1218,888,30,117,197,176,215,107,43,38,775,831,236,222,267,67,110703,54269,314,53888,60,49.02
Yerevan,AM-ER,Նոր Նորք,20151,15833,3218,1591,827,1296,886,2135,1273,1415,1235,66,139,231,195,226,121,44,30,744,1102,262,263,293,90,101941,54040,319,53666,57,53.01
Yerevan,AM-ER,Նորք-Մարաշ,2444,1318,925,109,39,138,47,170,102,118,84,4,10,36,15,25,14,6,5,49,97,14,19,10,8,10958,5840,32,5806,6,53.29
Yerevan,AM-ER,Նուբարաշեն,2266,666,280,577,30,30,29,98,63,54,39,2,4,27,19,15,7,2,5,39,36,15,14,10,8,8867,4356,20,4335,5,49.13
Yerevan,AM-ER,Շենգավիթ,28516,13536,2675,1221,617,1243,799,2385,1139,1377,1014,32,119,224,226,196,123,45,47,915,968,222,264,217,53,116376,58453,226,58173,63,50.23
Yerevan,AM-ER,Քանաքեռ-Զեյթուն,11997,8470,2018,806,443,799,441,1150,730,818,658,17,86,122,102,274,97,42,9,419,569,157,152,196,52,59944,30766,130,30624,32,51.32
