marz_en,marz_iso,community_hy,locality_hy,civil_contract,strong_armenia,armenia_alliance,prosperous_armenia,wings_of_unity,meritocratic,democracy_law_discipline,new_power,against_all,hanrapetutyun,bright_armenia,for_the_republic,national_democratic_pole,democratic_consolidation,anc,christian_democratic,kochari,reformists,registered,ballots_cast,invalid,valid,stations,turnout_pct
Aragatsotn,AM-AG,Ալագյազ,Ալագյազ գյուղ,149,21,16,19,5,0,0,0,1,0,0,0,0,0,0,0,0,0,458,213,2,211,1,46.51
Aragatsotn,AM-AG,Ալագյազ,Ավշեն գյուղ,75,3,1,12,0,0,0,0,0,0,0,0,0,0,0,0,0,0,227,91,0,91,1,40.09
Aragatsotn,AM-AG,Ալագյազ,Կանիաշիր գյուղ,22,6,1,72,0,0,0,0,0,0,0,0,0,0,0,0,0,0,268,101,0,101,1,37.69
Aragatsotn,AM-AG,Ալագյազ,Ճարճակիս գյուղ,130,17,11,12,1,0,1,0,0,1,2,0,1,0,0,0,0,0,405,178,2,176,1,43.95
Aragatsotn,AM-AG,Ալագյազ,Միջնատուն գյուղ,34,13,5,3,0,0,1,0,0,0,0,0,0,4,0,0,0,0,173,60,0,60,1,34.68
Aragatsotn,AM-AG,Ալագյազ,Միրաք գյուղ,28,2,3,0,0,0,0,0,1,0,0,0,0,0,0,0,0,0,81,36,2,34,1,44.44
Aragatsotn,AM-AG,Ալագյազ,Շենկանի գյուղ,59,3,9,18,0,0,0,0,0,0,0,0,0,0,0,0,0,0,192,92,3,89,1,47.92
Aragatsotn,AM-AG,Ալագյազ,Ջամշլու  գյուղ,80,2,12,6,0,0,0,0,0,0,0,0,0,0,0,0,0,0,184,100,0,100,1,54.35
Aragatsotn,AM-AG,Ալագյազ,Ռյա թազա գյուղ,80,56,9,16,0,0,1,0,0,0,1,0,0,0,0,0,0,0,406,165,2,163,1,40.64
Aragatsotn,AM-AG,Ալագյազ,Սադունց գյուղ,61,5,3,25,1,0,0,0,0,0,0,0,0,0,0,0,0,0,193,97,1,95,1,50.26
Aragatsotn,AM-AG,Ալագյազ,Սիփան գյուղ,39,8,5,3,0,0,0,0,0,0,0,0,0,0,0,0,0,0,174,56,1,55,1,32.18
Aragatsotn,AM-AG,Աշտարակ,Ագարակ գյուղ,492,201,97,15,6,12,19,13,7,4,3,3,1,0,0,3,1,0,1442,886,9,877,1,61.44
Aragatsotn,AM-AG,Աշտարակ,Աղձք գյուղ,428,192,77,20,16,17,10,12,7,3,6,2,6,2,1,0,0,0,1423,816,17,799,1,57.34
Aragatsotn,AM-AG,Աշտարակ,Անտառուտ գյուղ,80,70,22,1,0,2,1,0,1,0,0,0,0,0,0,2,0,0,253,183,4,179,1,72.33
Aragatsotn,AM-AG,Աշտարակ,Աշտարակ քաղաք,5881,2356,1122,394,147,237,215,156,141,110,48,33,37,25,18,12,13,15,19011,11045,105,10960,11,58.1
Aragatsotn,AM-AG,Աշտարակ,Ավան գյուղ,330,46,50,3,6,3,5,2,3,3,0,1,0,0,1,1,0,0,644,460,6,454,1,71.43
Aragatsotn,AM-AG,Աշտարակ,Արագածոտն գյուղ,302,69,53,3,3,1,5,2,1,4,4,1,1,0,0,0,0,0,778,453,4,449,1,58.23
Aragatsotn,AM-AG,Աշտարակ,Արուճ գյուղ,368,62,45,18,3,3,6,2,4,2,1,2,6,1,0,1,0,0,801,530,6,524,1,66.17
Aragatsotn,AM-AG,Աշտարակ,Արտաշավան գյուղ,147,86,53,5,1,11,11,1,5,1,3,0,0,3,0,0,1,1,509,332,3,329,1,65.23
Aragatsotn,AM-AG,Աշտարակ,Բազմաղբյուր գյուղ,284,76,32,5,7,7,13,3,7,2,1,1,2,2,0,1,0,0,768,446,3,443,1,58.07
Aragatsotn,AM-AG,Աշտարակ,Բյուրական գյուղ,1240,815,129,21,19,38,29,14,19,11,6,7,8,7,3,1,0,2,3418,2403,34,2369,2,70.3
Aragatsotn,AM-AG,Աշտարակ,Դպրեվանք գյուղ,13,7,8,1,0,1,0,1,1,0,0,0,0,0,0,0,0,0,53,33,1,32,1,62.26
Aragatsotn,AM-AG,Աշտարակ,Լեռնարոտ գյուղ,146,12,24,2,0,1,1,0,0,0,0,0,3,0,0,0,0,0,238,193,4,189,1,81.09
Aragatsotn,AM-AG,Աշտարակ,Կարբի գյուղ,965,410,335,34,15,29,14,17,11,15,6,3,7,1,2,5,0,1,3289,1876,6,1870,2,57.04
Aragatsotn,AM-AG,Աշտարակ,Կոշ գյուղ,875,254,153,14,13,7,12,8,12,4,1,2,0,5,2,2,0,3,2363,1387,21,1367,2,58.7
Aragatsotn,AM-AG,Աշտարակ,Ղազարավան գյուղ,188,56,25,9,1,0,8,2,1,1,1,0,0,0,0,0,1,1,437,294,0,294,1,67.28
Aragatsotn,AM-AG,Աշտարակ,Նոր Ամանոս գյուղ,208,44,23,7,2,4,1,3,0,1,2,1,10,0,0,2,0,1,538,314,5,309,1,58.36
Aragatsotn,AM-AG,Աշտարակ,Նոր Եդեսիա գյուղ,460,61,35,1,4,4,3,3,0,2,3,0,5,6,1,3,2,1,934,599,5,594,1,64.13
Aragatsotn,AM-AG,Աշտարակ,Նոր Երզնկա գյուղ,555,162,61,13,13,19,7,11,11,0,7,2,3,3,0,1,0,1,1390,884,15,869,1,63.6
Aragatsotn,AM-AG,Աշտարակ,Ոսկեհատ գյուղ,345,43,130,11,4,0,1,4,1,13,1,0,0,0,0,0,3,0,797,562,6,556,1,70.51
Aragatsotn,AM-AG,Աշտարակ,Ոսկեվազ գյուղ,1197,426,187,88,20,30,38,24,26,13,4,4,5,3,11,4,0,1,3394,2102,21,2081,2,61.93
Aragatsotn,AM-AG,Աշտարակ,Ուշի գյուղ,417,115,59,7,5,22,5,13,2,9,2,0,2,0,1,0,0,3,1133,662,0,662,1,58.43
Aragatsotn,AM-AG,Աշտարակ,Ուջան գյուղ,880,361,88,14,13,16,9,6,7,9,1,2,0,4,1,0,0,0,2242,1423,12,1411,2,63.47
Aragatsotn,AM-AG,Աշտարակ,Սաղմոսավան գյուղ,82,30,7,0,2,3,1,1,0,0,2,1,1,1,0,0,0,0,182,133,2,131,1,73.08
Aragatsotn,AM-AG,Աշտարակ,Սասունիկ գյուղ,926,257,180,23,15,14,11,9,14,6,5,8,3,2,2,3,0,1,2468,1490,11,1479,2,60.37
Aragatsotn,AM-AG,Աշտարակ,Վերին Սասունիկ գյուղ,31,5,3,2,2,1,0,0,0,1,0,0,0,0,0,0,0,0,69,46,1,45,1,66.67
Aragatsotn,AM-AG,Աշտարակ,Տեղեր գյուղ,64,26,6,3,0,0,3,0,1,0,0,0,1,1,0,0,0,0,167,105,0,105,1,62.87
Aragatsotn,AM-AG,Աշտարակ,Փարպի գյուղ,736,186,146,10,9,12,10,3,3,6,3,0,1,0,3,1,0,0,1685,1131,2,1129,1,67.12
Aragatsotn,AM-AG,Աշտարակ,Օհանավան գյուղ,696,346,83,33,6,31,12,11,6,5,3,0,2,3,1,1,2,0,1981,1248,7,1241,1,63.0
Aragatsotn,AM-AG,Աշտարակ,Օշական գյուղ,1016,459,262,47,20,47,58,28,22,217,11,5,5,3,10,3,4,3,4187,2236,15,2220,3,53.4
Aragatsotn,AM-AG,Աշտարակ,Օրգով գյուղ,116,80,35,11,1,2,2,0,2,4,0,0,1,0,0,0,0,0,379,258,4,254,1,68.07
Aragatsotn,AM-AG,Ապարան,Ապարան քաղաք,1694,806,320,471,54,71,46,36,44,19,19,4,16,11,10,4,3,1,5485,3681,48,3629,3,67.11
Aragatsotn,AM-AG,Ապարան,Արագած (Ապարան) գյուղ,912,262,63,58,23,22,11,10,17,21,3,7,3,3,0,2,5,1,2416,1435,12,1423,2,59.4
Aragatsotn,AM-AG,Ապարան,Արայի գյուղ,124,60,14,15,1,1,5,0,1,4,0,1,1,0,0,0,0,0,307,229,2,227,1,74.59
Aragatsotn,AM-AG,Ապարան,Ափնագյուղ գյուղ,142,118,5,7,3,5,3,0,1,0,1,0,0,7,3,0,0,0,446,296,1,295,1,66.37
Aragatsotn,AM-AG,Ապարան,Եղիպատրուշ գյուղ,206,98,32,12,6,8,7,5,2,0,2,0,0,3,0,1,0,0,546,385,3,382,1,70.51
Aragatsotn,AM-AG,Ապարան,Երնջատափ գյուղ,117,79,25,3,1,0,3,2,2,1,0,0,0,5,0,0,0,0,389,239,1,238,1,61.44
Aragatsotn,AM-AG,Ապարան,Թթուջուր գյուղ,121,13,9,15,3,2,1,1,0,3,1,1,0,2,0,1,0,0,259,173,0,173,1,66.8
Aragatsotn,AM-AG,Ապարան,Լուսագյուղ գյուղ,191,79,16,32,2,5,7,2,8,1,0,10,0,1,0,0,0,0,573,361,7,354,1,63.0
Aragatsotn,AM-AG,Ապարան,Ծաղկաշեն գյուղ,182,65,26,18,2,2,2,1,2,1,1,2,0,2,0,1,0,0,492,309,2,307,1,62.8
Aragatsotn,AM-AG,Ապարան,Կայք գյուղ,194,50,10,21,3,5,1,3,1,0,1,1,1,0,0,0,0,0,450,294,3,291,1,65.33
Aragatsotn,AM-AG,Ապարան,Հարթավան գյուղ,334,43,46,9,3,4,4,2,3,3,0,0,0,1,0,0,0,0,716,454,2,452,1,63.41
Aragatsotn,AM-AG,Ապարան,Ձորագլուխ գյուղ,116,38,9,9,0,0,2,1,0,2,0,0,1,0,0,0,0,1,238,181,2,179,1,76.05
Aragatsotn,AM-AG,Ապարան,Մելիքգյուղ գյուղ,434,71,28,24,12,4,6,1,5,5,2,1,1,0,0,0,0,1,810,603,8,595,1,74.44
Aragatsotn,AM-AG,Ապարան,Նիգավան գյուղ,211,45,17,8,4,2,3,1,0,0,0,1,0,2,1,0,0,1,481,302,6,296,1,62.79
Aragatsotn,AM-AG,Ապարան,Շենավան գյուղ,567,135,27,14,7,2,4,2,3,118,1,2,0,1,1,0,0,1,1347,892,7,885,1,66.22
Aragatsotn,AM-AG,Ապարան,Շողակն գյուղ,56,22,4,8,2,0,0,0,1,0,0,0,0,0,0,0,0,0,131,94,1,93,1,71.76
Aragatsotn,AM-AG,Ապարան,Չքնաղ գյուղ,65,26,5,29,5,0,1,0,0,2,0,0,0,2,1,0,0,0,203,137,1,136,1,67.49
Aragatsotn,AM-AG,Ապարան,Ջրամբար գյուղ,27,5,9,9,0,0,0,3,0,0,0,0,0,1,3,0,0,0,98,57,0,57,1,58.16
Aragatsotn,AM-AG,Ապարան,Սարալանջ գյուղ,57,32,5,13,1,2,3,2,0,0,0,0,1,0,0,1,0,0,153,119,2,117,1,77.78
Aragatsotn,AM-AG,Ապարան,Վարդենիս գյուղ,216,58,24,26,4,5,4,3,1,1,0,1,1,0,0,0,0,0,528,348,4,344,1,65.91
Aragatsotn,AM-AG,Ապարան,Վարդենուտ գյուղ,248,80,18,13,7,2,5,1,3,1,1,6,0,1,2,0,0,0,661,391,3,388,1,59.15
Aragatsotn,AM-AG,Ապարան,Քուչակ գյուղ,728,147,56,28,13,5,11,4,13,3,4,8,2,1,3,0,1,4,1521,1034,8,1031,1,67.98
Aragatsotn,AM-AG,Արեվուտ,Արեվուտ գյուղ,23,9,11,4,0,0,0,0,0,0,0,0,0,0,0,0,0,0,117,48,1,47,1,41.03
Aragatsotn,AM-AG,Արեվուտ,Դդմասար գյուղ,32,20,8,4,0,0,0,0,0,0,0,0,0,0,0,0,0,0,97,64,0,64,1,65.98
Aragatsotn,AM-AG,Արեվուտ,Թլիկ գյուղ,25,0,3,0,0,0,0,0,0,0,0,0,0,0,0,0,0,0,64,28,0,28,1,43.75
Aragatsotn,AM-AG,Արեվուտ,Կանչ գյուղ,24,6,2,4,1,0,0,0,0,0,0,0,0,0,0,0,0,0,81,37,0,37,1,45.68
Aragatsotn,AM-AG,Արեվուտ,Հակո գյուղ,33,7,3,1,0,0,0,0,0,0,1,0,0,0,0,1,0,0,87,46,0,46,1,52.87
Aragatsotn,AM-AG,Արեվուտ,Սորիկ գյուղ,28,9,1,1,0,0,0,0,0,0,0,0,0,0,0,0,0,0,75,40,1,39,1,53.33
Aragatsotn,AM-AG,Թալին,Ագարակավան գյուղ,389,50,25,6,3,2,5,1,2,0,1,1,0,5,0,0,2,0,787,498,6,492,1,63.28
Aragatsotn,AM-AG,Թալին,Ակունք գյուղ,212,41,25,19,5,2,4,1,3,4,0,0,0,0,0,0,1,0,482,323,6,317,1,67.01
Aragatsotn,AM-AG,Թալին,Աշնակ գյուղ,550,71,43,8,11,10,4,4,11,2,5,1,5,0,1,1,2,0,1022,737,8,729,1,72.11
Aragatsotn,AM-AG,Թալին,Արագածավան գյուղ,1464,514,139,249,15,15,39,10,16,21,4,2,3,5,1,1,3,1,4385,2527,24,2502,3,57.63
Aragatsotn,AM-AG,Թալին,Արտենի գյուղ,933,246,101,22,16,10,17,15,20,9,6,4,3,4,3,3,0,0,2507,1422,10,1412,2,56.72
Aragatsotn,AM-AG,Թալին,Գառնահովիտ գյուղ,153,8,5,4,5,2,2,0,2,0,1,0,0,0,0,0,0,0,286,187,5,182,1,65.38
Aragatsotn,AM-AG,Թալին,Գետափ գյուղ,50,26,5,5,1,0,3,0,1,0,1,0,0,0,0,0,0,0,138,93,1,92,1,67.39
Aragatsotn,AM-AG,Թալին,Դաշտադեմ գյուղ,130,115,18,25,1,5,2,4,5,1,0,0,0,0,0,0,1,0,447,311,4,307,1,69.57
Aragatsotn,AM-AG,Թալին,Դավթաշեն գյուղ,253,45,69,2,2,3,1,1,2,1,0,1,0,15,1,0,1,2,545,404,5,399,1,74.13
Aragatsotn,AM-AG,Թալին,Դիան գյուղ,55,7,6,10,1,0,0,0,0,0,0,0,0,0,0,0,0,0,98,79,0,79,1,80.61
Aragatsotn,AM-AG,Թալին,Եղնիկ գյուղ,151,38,15,5,1,1,5,1,1,1,0,0,1,0,0,0,0,0,324,222,2,220,1,68.52
Aragatsotn,AM-AG,Թալին,Զարինջա գյուղ,200,46,28,15,2,1,6,0,2,1,0,0,0,0,0,0,0,1,476,307,5,302,1,64.5
Aragatsotn,AM-AG,Թալին,Զովասար գյուղ,160,77,12,13,2,2,2,0,1,1,0,0,0,0,0,0,0,0,394,273,2,270,1,69.29
Aragatsotn,AM-AG,Թալին,Թաթուլ գյուղ,189,113,97,12,2,6,2,3,2,6,0,1,0,0,0,2,0,0,634,437,2,435,1,68.93
Aragatsotn,AM-AG,Թալին,Թալին քաղաք,1522,687,246,242,44,58,49,27,43,14,13,6,8,4,4,10,2,1,4930,3015,33,2980,3,61.16
Aragatsotn,AM-AG,Թալին,Իրինդ գյուղ,267,118,39,7,3,3,2,2,5,4,2,1,2,0,0,0,2,3,648,474,14,460,1,73.15
Aragatsotn,AM-AG,Թալին,Լուսակն գյուղ,71,9,26,2,1,1,2,5,1,3,0,0,1,2,1,0,0,1,171,126,0,126,1,73.68
Aragatsotn,AM-AG,Թալին,Ծաղկասար գյուղ,31,5,5,0,0,1,0,0,0,0,0,0,0,0,0,0,0,0,66,42,0,42,1,63.64
Aragatsotn,AM-AG,Թալին,Կաթնաղբյուր գյուղ,368,125,149,13,14,8,10,2,2,2,0,3,2,0,0,1,0,2,1039,707,6,701,1,68.05
Aragatsotn,AM-AG,Թալին,Կարմրաշեն գյուղ,218,39,28,8,1,0,3,1,0,1,2,0,3,0,0,0,0,0,452,308,4,304,1,68.14
Aragatsotn,AM-AG,Թալին,Կաքավաձոր գյուղ,394,104,49,7,2,1,4,1,7,1,2,2,1,0,0,1,0,1,798,586,9,577,1,73.43
Aragatsotn,AM-AG,Թալին,Հացաշեն գյուղ,63,20,27,9,0,0,1,0,7,0,0,0,0,0,0,0,0,0,204,129,2,127,1,63.24
Aragatsotn,AM-AG,Թալին,Մաստարա գյուղ,665,203,98,32,7,9,17,4,19,7,1,5,0,0,2,0,2,1,1916,1091,19,1072,2,56.94
Aragatsotn,AM-AG,Թալին,Ներքին Բազմաբերդ գյուղ,669,87,70,9,10,8,9,3,9,11,3,1,0,1,12,0,2,1,1184,913,8,905,1,77.11
Aragatsotn,AM-AG,Թալին,Ներքին Սասնաշեն գյուղ,399,59,61,11,6,9,4,1,4,1,3,0,1,1,4,1,0,0,811,576,11,565,1,71.02
Aragatsotn,AM-AG,Թալին,Նոր Արթիկ գյուղ,177,51,13,8,1,2,4,1,4,3,0,0,0,0,0,1,0,0,398,267,2,265,1,67.09
Aragatsotn,AM-AG,Թալին,Շղարշիկ գյուղ,133,84,49,12,3,3,1,1,0,0,2,0,0,0,0,1,0,1,389,292,2,290,1,75.06
Aragatsotn,AM-AG,Թալին,Ոսկեթաս գյուղ,132,48,53,4,7,2,0,1,3,0,0,1,0,0,0,1,0,0,361,257,5,252,1,71.19
Aragatsotn,AM-AG,Թալին,Պարտիզակ գյուղ,138,14,19,0,0,2,2,0,1,4,0,0,4,0,0,0,2,0,251,189,3,186,1,75.3
Aragatsotn,AM-AG,Թալին,Սուսեր գյուղ,96,20,12,13,0,0,0,0,2,2,0,1,0,0,0,0,1,0,233,149,2,147,1,63.95
Aragatsotn,AM-AG,Թալին,Վերին Բազմաբերդ գյուղ,204,10,21,8,2,0,1,2,4,0,0,0,0,0,0,2,0,0,346,258,4,254,1,74.57
Aragatsotn,AM-AG,Թալին,Վերին Սասնաշեն գյուղ,112,30,41,15,4,3,0,1,6,1,1,1,0,0,0,0,0,0,307,217,2,215,1,70.68
Aragatsotn,AM-AG,Թալին,Ցամաքասար գյուղ,148,31,26,7,1,0,1,0,2,1,0,0,0,1,0,0,0,0,323,222,4,218,1,68.73
Aragatsotn,AM-AG,Ծաղկահովիտ,Բերքառատ գյուղ,240,36,14,10,1,1,7,2,3,3,0,0,0,0,0,0,0,2,569,321,2,319,1,56.41
Aragatsotn,AM-AG,Ծաղկահովիտ,Գեղադիր գյուղ,188,49,24,14,2,0,6,3,5,0,1,3,0,0,0,1,0,1,471,299,2,297,1,63.48
Aragatsotn,AM-AG,Ծաղկահովիտ,Գեղաձոր գյուղ,300,47,60,15,8,3,0,2,2,0,0,1,0,0,0,0,0,0,755,440,2,438,1,58.28
Aragatsotn,AM-AG,Ծաղկահովիտ,Գեղարոտ գյուղ,140,56,6,16,5,1,0,2,3,0,0,1,0,1,0,1,0,0,387,232,0,232,1,59.95
Aragatsotn,AM-AG,Ծաղկահովիտ,ԼԵռնապար գյուղ,156,33,19,11,0,0,2,1,4,3,1,0,1,2,0,0,0,0,381,237,4,233,1,62.2
Aragatsotn,AM-AG,Ծաղկահովիտ,Ծաղկահովիտ գյուղ,488,113,54,36,10,6,8,7,4,3,4,3,2,3,0,0,1,2,1386,754,11,744,1,54.4
Aragatsotn,AM-AG,Ծաղկահովիտ,Ծիլքար գյուղ,214,27,21,5,6,5,1,1,2,0,0,0,0,0,0,0,0,0,423,285,3,282,1,67.38
Aragatsotn,AM-AG,Ծաղկահովիտ,Հնաբերդ գյուղ,334,82,11,305,3,2,4,10,5,3,3,0,2,0,1,1,0,1,1439,768,0,767,1,53.37
Aragatsotn,AM-AG,Ծաղկահովիտ,Նորաշեն (Արագած) գյուղ,290,137,21,21,1,9,3,2,3,2,1,4,0,2,0,0,0,1,840,507,10,497,1,60.36
Aragatsotn,AM-AG,Ծաղկահովիտ,Վարդաբլուր գյուղ,179,28,11,6,1,0,3,1,6,2,0,1,1,0,0,0,0,0,385,240,1,239,1,62.34
Aragatsotn,AM-AG,Մեծաձոր,Մեծաձոր գյուղ,44,1,2,0,0,0,0,0,0,0,0,0,0,1,0,0,0,0,89,48,0,48,1,53.93
Aragatsotn,AM-AG,Մեծաձոր,Օթեվան գյուղ,19,5,1,1,0,0,0,0,0,1,0,0,0,0,0,0,0,0,56,27,0,27,1,48.21
Aragatsotn,AM-AG,Շամիրամ,nan,154,21,3,0,0,1,1,0,0,0,0,1,0,0,0,0,0,0,505,183,2,181,1,36.24
Ararat,AM-AR,Արարատ,Ավշար գյուղ,1221,322,114,322,18,28,35,19,14,25,1,10,3,6,1,2,4,1,3512,2164,18,2146,2,61.62
Ararat,AM-AR,Արարատ,Արարատ գյուղ,1745,438,133,509,39,55,50,28,36,351,15,15,8,4,6,2,1,4,5771,3479,40,3439,3,60.28
Ararat,AM-AR,Արարատ,Արարատ քաղաք,4243,1142,457,1235,85,106,139,87,101,194,33,66,31,25,6,7,10,10,13129,8066,85,7977,8,61.44
Ararat,AM-AR,Արարատ,Արմաշ գյուղ,760,145,58,140,14,17,18,6,5,34,4,8,2,2,2,4,5,3,2000,1241,14,1227,1,62.05
Ararat,AM-AR,Արարատ,Երասխ գյուղ,269,89,36,16,9,1,10,6,1,4,1,0,0,0,0,0,0,0,720,444,2,442,1,61.67
Ararat,AM-AR,Արարատ,Զանգակատուն գյուղ,510,180,50,29,9,15,11,6,7,5,1,2,1,4,1,3,2,2,1116,845,7,838,1,75.72
Ararat,AM-AR,Արարատ,Լանջառ գյուղ,66,2,3,9,2,9,1,1,0,5,1,0,0,0,0,0,0,0,153,99,0,99,1,64.71
Ararat,AM-AR,Արարատ,Նոյակերտ գյուղ,443,188,93,147,8,6,4,9,5,9,6,4,1,4,2,0,0,2,1483,933,2,931,1,62.91
Ararat,AM-AR,Արարատ,Ուրցալանջ գյուղ,51,13,1,2,0,0,4,1,0,0,0,0,0,0,0,0,0,0,110,73,1,72,1,66.36
Ararat,AM-AR,Արարատ,Պարույր Սեվակ գյուղ,250,56,13,17,1,4,3,2,2,0,0,0,0,0,1,0,0,0,530,349,0,349,1,65.85
Ararat,AM-AR,Արարատ,Սուրենավան գյուղ,723,130,62,214,9,11,16,8,6,35,3,3,2,2,0,2,4,1,1930,1238,7,1231,1,64.15
Ararat,AM-AR,Արարատ,Վարդաշատ գյուղ,56,7,8,9,0,2,1,2,0,1,0,1,0,0,0,0,0,0,135,88,1,87,1,65.19
Ararat,AM-AR,Արտաշատ,Աբովյան գյուղ,0,0,0,0,0,0,0,0,0,0,0,0,0,0,0,0,0,0,1210,809,0,0,1,66.86
Ararat,AM-AR,Արտաշատ,Ազատավան գյուղ,764,237,109,103,17,15,21,16,8,9,11,6,12,1,1,4,1,2,2509,1349,11,1337,2,53.77
Ararat,AM-AR,Արտաշատ,Այգեզարդ գյուղ,833,317,89,58,32,15,40,16,12,10,5,3,5,1,2,0,3,0,2716,1449,12,1441,2,53.35
Ararat,AM-AR,Արտաշատ,Այգեպատ գյուղ,463,77,66,25,1,12,14,11,3,10,4,3,1,2,0,1,0,0,1111,699,7,693,1,62.92
Ararat,AM-AR,Արտաշատ,Այգեստան գյուղ,723,275,99,58,17,9,24,9,13,2,1,4,3,2,2,1,0,0,2168,1255,13,1242,2,57.89
Ararat,AM-AR,Արտաշատ,Արաքսավան գյուղ,259,55,23,18,2,10,5,3,4,0,22,1,0,0,0,0,0,0,636,404,2,402,1,63.52
Ararat,AM-AR,Արտաշատ,Արեվշատ գյուղ,731,134,39,13,9,16,20,16,15,3,3,3,0,1,0,1,1,1,1782,1019,13,1006,1,57.18
Ararat,AM-AR,Արտաշատ,Արտաշատ քաղաք,6551,2336,1026,400,163,204,229,157,130,70,45,41,35,25,5,14,9,8,20423,11581,125,11448,12,56.71
Ararat,AM-AR,Արտաշատ,Բաղրամյան գյուղ,406,92,41,142,10,25,10,10,7,7,6,1,3,1,1,3,2,0,1366,777,10,767,1,56.88
Ararat,AM-AR,Արտաշատ,Բարձրաշեն գյուղ,350,113,169,10,9,3,14,10,2,1,2,3,4,0,1,1,1,0,1117,705,11,693,1,63.12
Ararat,AM-AR,Արտաշատ,Բերդիկ գյուղ,305,88,12,7,1,2,3,2,3,3,1,2,3,1,0,0,2,0,702,448,13,435,1,63.82
Ararat,AM-AR,Արտաշատ,Բերքանուշ գյուղ,503,128,79,65,17,13,12,9,10,2,1,4,3,5,5,0,0,0,1514,866,10,856,1,57.2
Ararat,AM-AR,Արտաշատ,Բյուրավան գյուղ,340,115,93,12,4,9,10,10,2,4,2,0,4,1,3,4,3,1,1058,624,7,617,1,58.98
Ararat,AM-AR,Արտաշատ,Բուրաստան գյուղ,638,147,43,66,10,11,6,13,2,4,10,2,0,2,0,3,1,1,1709,974,15,959,1,56.99
Ararat,AM-AR,Արտաշատ,Գետազատ գյուղ,598,164,68,34,11,12,18,10,11,4,7,1,0,1,0,1,0,1,1639,949,8,941,1,57.9
Ararat,AM-AR,Արտաշատ,Դալար գյուղ,811,267,52,28,13,10,21,10,10,3,7,1,3,3,0,2,3,1,2239,1265,20,1245,2,56.5
Ararat,AM-AR,Արտաշատ,Դեղձուտ գյուղ,353,29,216,6,2,1,4,2,4,0,3,1,1,0,0,0,0,0,858,631,9,622,1,73.54
Ararat,AM-AR,Արտաշատ,Դիմիտրով գյուղ,431,145,42,9,5,2,16,5,3,4,4,3,1,1,1,0,6,0,1189,688,10,678,1,57.86
Ararat,AM-AR,Արտաշատ,Դիտակ գյուղ,225,32,35,3,5,2,4,3,2,2,0,2,0,0,0,0,12,0,521,335,8,327,1,64.3
Ararat,AM-AR,Արտաշատ,Դվին գյուղ,749,217,300,31,9,18,25,14,9,8,6,6,7,3,0,1,1,0,2376,1425,21,1404,2,59.97
Ararat,AM-AR,Արտաշատ,Լանջազատ գյուղ,391,146,106,13,5,7,12,3,5,4,1,0,0,0,0,1,0,1,1228,704,9,695,1,57.33
Ararat,AM-AR,Արտաշատ,Կանաչուտ գյուղ,332,90,183,6,11,5,7,4,7,2,0,1,1,1,0,1,1,0,1028,653,1,652,1,63.52
Ararat,AM-AR,Արտաշատ,Հնաբերդ գյուղ,247,57,23,6,1,2,5,1,0,0,1,1,1,0,0,0,0,0,552,346,1,345,1,62.68
Ararat,AM-AR,Արտաշատ,Հովտաշեն գյուղ,475,93,40,14,7,9,9,5,3,7,1,1,2,1,1,1,1,0,922,679,7,670,1,73.64
Ararat,AM-AR,Արտաշատ,Մասիս գյուղ,484,104,35,37,7,13,8,7,5,0,1,0,0,1,0,0,1,0,1261,709,4,703,1,56.23
Ararat,AM-AR,Արտաշատ,Մխչյան գյուղ,1360,338,174,78,18,28,39,18,19,12,6,7,5,2,3,4,2,1,3797,2132,18,2114,2,56.15
Ararat,AM-AR,Արտաշատ,Մրգանուշ գյուղ,434,74,92,7,9,8,4,5,3,2,5,0,3,0,0,0,0,0,915,657,11,646,1,71.8
Ararat,AM-AR,Արտաշատ,Մրգավան գյուղ,573,136,67,17,17,18,12,24,16,6,4,1,2,1,1,0,1,1,1479,911,11,897,1,61.6
Ararat,AM-AR,Արտաշատ,Մրգավետ գյուղ,646,166,75,28,15,7,17,9,8,9,2,1,4,1,1,0,0,1,1834,1006,13,990,1,54.85
Ararat,AM-AR,Արտաշատ,Նարեկ գյուղ,514,59,25,8,3,7,6,10,1,2,1,0,1,6,1,1,1,0,884,655,9,646,1,74.1
Ararat,AM-AR,Արտաշատ,Նշավան գյուղ,632,113,50,7,14,11,25,11,4,6,2,0,5,0,1,1,0,1,1495,894,11,883,1,59.8
Ararat,AM-AR,Արտաշատ,Նորաշեն գյուղ,752,293,258,144,18,17,30,18,12,15,2,3,2,2,3,3,5,1,2730,1582,4,1578,2,57.95
Ararat,AM-AR,Արտաշատ,Շահումյան գյուղ,1124,307,137,35,19,23,39,19,11,20,8,4,3,1,3,2,8,3,3263,1784,18,1766,2,54.67
Ararat,AM-AR,Արտաշատ,Ոստան գյուղ,903,233,107,46,15,14,23,16,6,1,10,5,6,2,1,1,1,1,2602,1399,8,1391,2,53.77
Ararat,AM-AR,Արտաշատ,Ջրաշեն գյուղ,639,101,36,7,9,11,3,8,5,6,4,2,0,2,0,0,2,1,1406,844,8,836,1,60.03
Ararat,AM-AR,Արտաշատ,Վարդաշեն գյուղ,91,46,63,7,8,0,6,1,2,1,0,1,0,1,1,7,0,0,391,237,2,235,1,60.61
Ararat,AM-AR,Արտաշատ,Վերին Արտաշատ գյուղ,1002,371,140,46,26,21,47,16,20,10,5,2,5,4,0,5,1,5,3007,1749,24,1726,2,58.16
Ararat,AM-AR,Արտաշատ,Քաղցրաշեն գյուղ,1010,168,142,53,14,26,32,16,13,4,11,8,2,5,2,4,1,1,2390,1533,21,1512,2,64.14
Ararat,AM-AR,Մասիս,Ազատաշեն գյուղ,202,111,36,20,9,10,4,13,2,3,1,1,3,1,2,1,0,0,711,427,8,419,1,60.06
Ararat,AM-AR,Մասիս,Այնթապ գյուղ,2443,909,308,154,60,71,93,77,47,39,10,13,26,11,11,10,4,2,7783,4331,42,4288,4,55.65
Ararat,AM-AR,Մասիս,Արբաթ գյուղ,532,212,95,13,6,25,19,13,5,6,2,1,3,2,0,2,1,1,1642,945,7,938,1,57.55
Ararat,AM-AR,Մասիս,Արգավանդ գյուղ,533,227,104,19,30,22,21,25,11,13,3,4,0,2,3,0,3,0,1625,1031,11,1020,1,63.45
Ararat,AM-AR,Մասիս,Արեվաբույր գյուղ,281,333,33,15,3,5,15,5,4,2,2,1,0,0,1,0,0,0,1002,703,3,700,1,70.16
Ararat,AM-AR,Մասիս,Գեղանիստ գյուղ,927,247,104,60,23,31,38,29,17,10,3,5,10,7,0,0,3,5,2581,1530,11,1519,2,59.28
Ararat,AM-AR,Մասիս,Գետափնյա գյուղ,363,245,48,6,10,18,7,11,14,5,2,2,0,1,1,0,1,0,1279,739,5,734,1,57.78
Ararat,AM-AR,Մասիս,Դաշտավան գյուղ,468,385,86,11,5,47,14,10,9,6,5,3,6,0,1,0,0,0,1687,1061,4,1056,1,62.89
Ararat,AM-AR,Մասիս,Դարակերտ գյուղ,695,204,86,22,12,31,20,9,15,10,5,4,4,2,0,2,2,4,1974,1137,10,1127,1,57.6
Ararat,AM-AR,Մասիս,Դարբնիկ գյուղ,203,231,208,9,5,7,5,5,6,1,1,0,0,0,0,1,0,1,1077,694,11,683,1,64.44
Ararat,AM-AR,Մասիս,Զորակ գյուղ,302,222,255,13,9,13,7,9,8,2,1,2,2,1,0,3,0,0,1512,863,13,849,1,57.08
Ararat,AM-AR,Մասիս,Խաչփար գյուղ,321,355,206,18,22,10,19,18,11,4,2,2,2,2,1,1,0,2,1696,998,4,996,1,58.84
Ararat,AM-AR,Մասիս,Հայանիստ գյուղ,346,404,346,25,15,7,26,17,12,6,0,0,1,6,0,1,3,1,2105,1224,8,1216,1,58.15
Ararat,AM-AR,Մասիս,Հովտաշատ գյուղ,1197,297,88,23,21,23,40,20,13,5,4,2,1,2,1,2,0,1,3150,1756,15,1740,2,55.75
Ararat,AM-AR,Մասիս,Ղուկասավան գյուղ,458,342,120,10,10,17,54,15,5,8,2,1,0,1,0,0,3,1,1697,1060,13,1047,1,62.46
Ararat,AM-AR,Մասիս,Մասիս քաղաք,4953,2372,1116,359,209,187,166,153,115,83,24,22,32,30,33,15,15,11,16957,9982,99,9895,9,58.87
Ararat,AM-AR,Մասիս,Մարմարաշեն գյուղ,1038,312,92,52,26,25,34,12,11,14,6,9,13,1,2,4,3,2,2784,1671,14,1656,2,60.02
Ararat,AM-AR,Մասիս,Նիզամի գյուղ,195,387,41,17,4,4,3,8,4,3,1,2,2,0,0,1,0,1,1058,675,2,673,1,63.8
Ararat,AM-AR,Մասիս,Նոր Խարբերդ գյուղ,2205,514,271,778,43,45,79,56,37,40,13,13,12,8,5,4,6,5,7419,4180,45,4134,4,56.34
Ararat,AM-AR,Մասիս,Նոր Կյուրին գյուղ,300,85,35,66,9,7,17,3,9,4,0,0,2,0,1,0,0,0,909,545,6,538,1,59.96
Ararat,AM-AR,Մասիս,Նորաբաց գյուղ,632,218,78,20,6,22,22,20,11,5,2,4,2,2,1,3,1,2,1922,1071,19,1051,1,55.72
Ararat,AM-AR,Մասիս,Նորամարգ գյուղ,372,292,165,18,4,10,13,7,5,5,3,4,1,2,0,0,0,0,1652,902,1,901,1,54.6
Ararat,AM-AR,Մասիս,Ջրահովիտ գյուղ,442,143,53,10,5,3,5,7,2,4,1,0,0,1,0,0,0,1,995,682,5,677,1,68.54
Ararat,AM-AR,Մասիս,Ռանչպար գյուղ,200,145,103,15,11,9,10,7,0,3,3,0,1,1,1,1,0,0,897,515,5,510,1,57.41
Ararat,AM-AR,Մասիս,Սայաթ-Նովա գյուղ,549,432,102,29,6,16,8,5,8,9,2,1,0,1,0,0,0,2,1831,1177,6,1170,1,64.28
Ararat,AM-AR,Մասիս,Սիս գյուղ,227,327,84,22,7,5,13,5,7,4,4,4,3,1,0,0,1,1,1156,717,2,715,1,62.02
Ararat,AM-AR,Մասիս,Սիփանիկ գյուղ,127,128,14,2,1,1,2,3,3,1,2,0,0,0,0,1,0,0,438,287,2,285,1,65.53
Ararat,AM-AR,Վեդի,Այգավան գյուղ,1252,308,91,88,20,30,23,16,8,25,6,4,2,8,0,2,0,1,3144,1914,28,1884,2,60.88
Ararat,AM-AR,Վեդի,Արալեզ գյուղ,667,134,49,96,14,11,24,8,23,4,4,1,2,3,1,0,0,0,1875,1071,30,1041,1,57.12
Ararat,AM-AR,Վեդի,Գինեվետ,211,109,23,10,2,1,5,4,5,3,2,1,0,0,0,0,0,0,528,381,5,376,1,72.16
Ararat,AM-AR,Վեդի,Գոռավան գյուղ,690,246,57,156,19,13,14,16,11,8,5,6,4,1,0,2,2,1,1901,1264,13,1251,1,66.49
Ararat,AM-AR,Վեդի,Դաշտաքար գյուղ,180,60,24,18,0,6,9,2,2,4,1,0,1,0,0,1,0,0,450,317,9,308,1,70.44
Ararat,AM-AR,Վեդի,Եղեգնավան գյուղ,305,105,52,240,2,7,5,3,2,3,1,2,0,0,0,0,0,0,1056,733,6,727,1,69.41
Ararat,AM-AR,Վեդի,Լանջանիստ գյուղ,45,8,2,11,2,1,0,0,0,0,0,0,0,1,0,0,0,0,109,71,1,70,1,65.14
Ararat,AM-AR,Վեդի,Լուսաշող գյուղ,95,38,32,68,1,2,2,3,1,2,2,0,0,0,0,1,0,0,364,265,18,247,1,72.8
Ararat,AM-AR,Վեդի,Լուսառատ գյուղ,708,138,91,86,16,10,9,1,10,3,2,5,8,1,4,1,1,1,1840,1099,4,1095,1,59.73
Ararat,AM-AR,Վեդի,Նոր կյանք գյուղ,738,196,69,54,15,10,12,15,4,12,1,2,3,2,0,1,0,1,1984,1140,5,1135,1,57.46
Ararat,AM-AR,Վեդի,Նոր ուղի գյուղ,319,86,14,43,5,3,5,5,3,1,0,0,1,0,0,0,0,0,665,494,9,485,1,74.29
Ararat,AM-AR,Վեդի,Շաղափ գյուղ,253,89,30,27,3,2,4,1,0,9,2,0,0,2,0,0,0,0,638,427,5,422,1,66.93
Ararat,AM-AR,Վեդի,Ոսկետափ գյուղ,1220,344,165,102,20,13,28,23,7,19,4,11,4,3,2,1,3,4,3333,1991,18,1973,2,59.74
Ararat,AM-AR,Վեդի,Ուրցաձոր գյուղ,780,346,65,106,16,9,11,8,12,3,8,6,3,5,1,1,2,1,2279,1396,13,1383,2,61.25
Ararat,AM-AR,Վեդի,Սիսավան գյուղ,476,193,50,232,12,9,12,9,10,7,6,4,2,3,3,2,1,0,1586,1039,8,1031,1,65.51
Ararat,AM-AR,Վեդի,Վանաշեն գյուղ,731,288,66,121,8,17,16,13,14,9,2,3,1,3,1,0,1,1,2006,1305,10,1295,1,65.05
Ararat,AM-AR,Վեդի,Վեդի քաղաք,3168,1214,372,420,95,115,119,62,73,43,18,12,20,9,6,9,3,1,9480,5860,98,5759,5,61.81
Ararat,AM-AR,Վեդի,Տափերական գյուղ,1098,277,126,79,14,47,25,17,17,12,4,13,14,5,1,5,1,1,2908,1770,14,1756,2,60.87
Ararat,AM-AR,Վեդի,Փոքր Վեդի գյուղ,923,222,260,51,18,19,17,12,14,10,7,4,6,2,0,3,2,1,2451,1594,23,1571,2,65.03
Ararat,AM-AR,Վերին Դվին,nan,287,83,129,367,1,4,4,2,3,1,3,1,2,1,0,0,1,2,1616,908,23,891,1,56.19
Armavir,AM-AV,Արաքս,Ակնաշեն գյուղ,323,120,133,20,14,7,15,6,2,1,2,0,0,1,0,1,2,0,1267,656,9,647,1,51.78
Armavir,AM-AV,Արաքս,Ապագա գյուղ,446,209,75,27,18,23,5,7,7,8,2,5,2,11,0,0,0,0,1443,855,10,845,1,59.25
Armavir,AM-AV,Արաքս,Առատաշեն գյուղ,835,159,86,21,9,23,18,5,9,9,7,6,2,6,1,1,1,0,2059,1206,9,1198,2,58.57
Armavir,AM-AV,Արաքս,Արաքս (Էջմիածին) գյուղ,376,75,55,15,28,20,19,15,2,3,1,3,0,3,1,2,0,0,1197,620,2,618,1,51.8
Armavir,AM-AV,Արաքս,Արտիմետ գյուղ,481,139,116,20,9,14,16,5,4,6,3,1,0,1,1,0,1,0,1464,819,2,817,1,55.94
Armavir,AM-AV,Արաքս,Գայ գյուղ,852,341,123,29,28,24,36,11,29,9,3,1,1,4,2,5,0,2,2818,1516,18,1500,2,53.8
Armavir,AM-AV,Արաքս,Գրիբոյեդով գյուղ,382,271,76,20,11,5,15,11,6,5,6,2,5,1,2,1,1,1,1481,835,14,821,1,56.38
Armavir,AM-AV,Արաքս,Լուսագյուղ գյուղ,292,50,28,14,5,4,4,4,7,3,4,2,1,0,0,0,0,0,746,420,2,418,1,56.3
Armavir,AM-AV,Արաքս,Խորոնք գյուղ,728,299,77,20,7,9,13,4,10,4,3,1,3,2,0,1,1,1,1983,1194,11,1183,1,60.21
Armavir,AM-AV,Արաքս,Հայկաշեն գյուղ,244,126,79,18,6,4,8,7,4,4,2,1,2,1,2,1,1,0,942,512,2,510,1,54.35
Armavir,AM-AV,Արաքս,Մեծամոր գյուղ,373,99,56,5,4,4,3,5,6,3,1,0,1,1,0,2,0,1,977,570,6,564,1,58.34
Armavir,AM-AV,Արաքս,Ջրառատ գյուղ,659,244,188,18,14,16,30,16,7,10,6,2,1,1,0,0,0,3,2304,1226,11,1215,2,53.21
Armavir,AM-AV,Արաքս,Ջրարբի գյուղ,460,83,39,13,23,7,12,6,4,2,2,3,4,7,2,1,0,0,1138,675,7,668,1,59.31
Armavir,AM-AV,Արմավիր,Այգեվան  գյուղ,591,69,171,29,4,4,8,3,2,1,2,1,0,0,2,0,0,1,1281,893,5,888,1,69.71
Armavir,AM-AV,Արմավիր,Արաքս (Արմավիր) գյուղ,590,111,27,7,10,8,12,7,0,2,5,1,0,0,0,2,0,1,1229,796,13,783,1,64.77
Armavir,AM-AV,Արմավիր,Արմավիր քաղաք,8655,3290,1197,671,263,236,283,171,154,124,47,33,69,41,27,27,20,15,28494,15494,172,15323,16,54.38
Armavir,AM-AV,Արմավիր,Լենուղի գյուղ,510,122,59,37,6,8,15,2,5,6,3,3,4,1,1,2,0,1,1243,789,4,785,1,63.48
Armavir,AM-AV,Արմավիր,Լուկաշին գյուղ,879,122,56,23,8,5,16,11,7,2,5,1,1,3,2,2,0,3,1909,1154,8,1146,1,60.45
Armavir,AM-AV,Արմավիր,Խանջյան գյուղ,545,269,69,27,8,10,10,5,2,4,1,3,0,3,1,1,1,0,1501,968,8,959,1,64.49
Armavir,AM-AV,Արմավիր,Հացիկ գյուղ,620,116,193,113,7,7,18,3,8,5,3,3,4,2,1,2,2,1,1881,1119,8,1108,1,59.49
Armavir,AM-AV,Արմավիր,Մայիսյան գյուղ,458,133,51,17,6,21,10,7,5,1,5,2,0,0,5,3,1,1,1416,735,8,726,1,51.91
Armavir,AM-AV,Արմավիր,Մյասնիկյան գյուղ,1246,252,106,18,6,15,11,3,6,5,6,4,3,4,0,2,2,1,3057,1712,23,1690,2,56.0
Armavir,AM-AV,Արմավիր,Նորավան գյուղ,325,106,41,22,9,6,10,4,4,1,2,2,7,1,1,2,0,0,945,546,3,543,1,57.78
Armavir,AM-AV,Արմավիր,Սարդարապատ գյուղ,1581,536,75,27,18,17,24,15,13,11,10,5,3,2,1,4,3,5,4309,2374,23,2350,3,55.09
Armavir,AM-AV,Բաղրամյան,Արգինա գյուղ,218,43,13,1,2,1,0,2,3,5,1,1,0,0,0,2,0,0,420,295,3,292,1,70.24
Armavir,AM-AV,Բաղրամյան,Արեվադաշտ գյուղ,129,46,3,7,4,2,0,1,1,0,0,1,0,0,0,0,0,0,308,194,0,194,1,62.99
Armavir,AM-AV,Բաղրամյան,Արտամետ գյուղ,47,22,15,7,0,3,1,0,0,0,0,0,0,0,0,0,0,1,167,97,1,96,1,58.08
Armavir,AM-AV,Բաղրամյան,Բագարան գյուղ,231,99,17,32,0,9,6,1,1,1,0,1,0,1,0,0,0,0,539,402,3,399,1,74.58
Armavir,AM-AV,Բաղրամյան,Բաղրամյան (Բաղրամյան) գյուղ,209,104,24,3,4,5,3,2,5,1,2,0,2,0,0,1,0,0,663,368,3,365,1,55.51
Armavir,AM-AV,Բաղրամյան,Դալարիկ գյուղ,883,389,155,41,17,19,26,8,8,2,3,2,3,2,1,1,1,0,2761,1584,23,1561,2,57.37
Armavir,AM-AV,Բաղրամյան,Երվանդաշատ գյուղ,231,79,46,32,8,3,6,7,5,3,1,1,0,0,0,0,3,0,602,426,1,425,1,70.76
Armavir,AM-AV,Բաղրամյան,Լեռնագոգ գյուղ,515,273,70,54,10,10,9,3,1,6,1,1,2,2,1,0,1,0,1608,971,12,959,1,60.39
Armavir,AM-AV,Բաղրամյան,Կողբավան գյուղ,12,17,16,1,1,0,0,0,0,3,0,0,0,0,0,1,0,0,98,51,0,51,1,52.04
Armavir,AM-AV,Բաղրամյան,Հուշակերտ գյուղ,217,156,25,26,3,1,6,0,7,1,3,3,2,0,0,1,0,0,701,454,3,451,1,64.76
Armavir,AM-AV,Բաղրամյան,Շենիկ գյուղ,147,20,223,7,2,2,2,4,3,0,4,1,1,0,0,0,1,0,695,419,2,417,1,60.29
Armavir,AM-AV,Բաղրամյան,Վանանդ գյուղ,247,57,30,30,6,0,7,1,2,4,3,2,4,1,1,0,0,1,793,399,3,396,1,50.32
Armavir,AM-AV,Բաղրամյան,Տալվորիկ գյուղ,61,50,9,8,0,1,4,3,0,0,0,1,0,1,0,0,0,0,213,138,0,138,1,64.79
Armavir,AM-AV,Բաղրամյան,Քարակերտ գյուղ,1073,231,236,24,22,14,19,7,8,19,8,5,3,2,2,2,1,3,3104,1699,19,1679,2,54.74
Armavir,AM-AV,Մեծամոր,Ալաշկերտ գյուղ,487,188,61,56,35,9,10,4,8,0,1,5,2,4,0,1,0,0,1441,873,2,871,1,60.58
Armavir,AM-AV,Մեծամոր,Ակնալիճ գյուղ,644,228,109,66,28,7,11,12,13,9,8,4,3,2,2,3,0,5,2251,1162,8,1154,2,51.62
Armavir,AM-AV,Մեծամոր,Ամասիա գյուղ,191,95,26,96,5,0,5,2,2,2,0,1,3,0,0,0,1,0,724,431,2,429,1,59.53
Armavir,AM-AV,Մեծամոր,Այգեշատ (Արմավիր) գյուղ,254,351,114,29,11,9,11,3,2,0,1,2,0,1,1,1,0,2,1335,799,7,792,1,59.85
Armavir,AM-AV,Մեծամոր,Արազափ գյուղ,386,161,23,10,4,3,4,1,4,0,6,0,0,2,0,0,2,1,1105,612,3,607,1,55.38
Armavir,AM-AV,Մեծամոր,Արգավանդ գյուղ,512,244,56,23,8,8,9,12,6,1,4,1,1,2,0,3,0,1,1725,896,5,891,1,51.94
Armavir,AM-AV,Մեծամոր,Արեվիկ գյուղ,725,291,61,44,17,12,17,4,4,3,2,0,3,0,0,0,1,4,2089,1200,10,1188,2,57.44
Armavir,AM-AV,Մեծամոր,Արմավիր գյուղ,545,211,91,232,7,13,14,9,4,5,11,2,2,3,4,3,0,0,2254,1171,14,1156,2,51.95
Armavir,AM-AV,Մեծամոր,Արտաշար գյուղ,250,116,15,0,3,4,7,1,1,2,3,1,0,0,0,0,0,1,850,409,5,404,1,48.12
Armavir,AM-AV,Մեծամոր,Բամբակաշատ գյուղ,889,299,156,36,18,7,22,14,17,5,10,3,10,1,4,3,2,2,2547,1513,15,1498,2,59.4
Armavir,AM-AV,Մեծամոր,Բերքաշատ գյուղ,141,73,11,23,9,0,0,2,5,1,2,0,1,0,0,0,0,0,426,270,2,268,1,63.38
Armavir,AM-AV,Մեծամոր,Գետաշեն գյուղ,584,129,33,15,7,8,12,4,3,3,0,3,0,5,0,0,1,1,1671,816,8,808,1,48.83
Armavir,AM-AV,Մեծամոր,Եղեգնուտ գյուղ,320,221,132,11,6,9,11,6,2,3,2,1,1,0,1,2,0,4,1462,740,8,732,1,50.62
Armavir,AM-AV,Մեծամոր,Երասխահուն գյուղ,484,86,33,17,12,4,8,0,1,1,4,1,0,1,0,0,1,0,1121,662,9,653,1,59.05
Armavir,AM-AV,Մեծամոր,Զարթոնք գյուղ,439,416,27,6,2,4,3,2,1,2,1,1,0,0,0,0,0,1,1537,910,4,905,1,59.21
Armavir,AM-AV,Մեծամոր,Հայկավան գյուղ,265,156,51,56,5,4,14,2,1,2,2,1,1,3,0,0,0,0,998,570,7,563,1,57.11
Armavir,AM-AV,Մեծամոր,Մարգարա գյուղ,405,196,20,7,10,6,13,7,3,0,1,2,2,0,1,0,0,0,1024,679,6,673,1,66.31
Armavir,AM-AV,Մեծամոր,Մեծամոր քաղաք,2829,971,431,85,88,68,82,69,62,77,21,12,4,14,10,7,16,7,8726,4906,51,4853,5,56.22
Armavir,AM-AV,Մեծամոր,Մրգաշատ գյուղ,1436,516,148,120,35,19,39,13,9,4,9,3,1,4,2,2,3,1,4137,2378,14,2364,3,57.48
Armavir,AM-AV,Մեծամոր,Նալբանդյան գյուղ,757,359,88,91,12,11,24,10,5,5,4,13,1,14,1,0,0,1,3048,1406,10,1396,2,46.13
Armavir,AM-AV,Մեծամոր,Նոր Արմավիր գյուղ,389,120,62,56,9,2,12,8,8,5,1,2,0,0,1,1,1,0,1405,683,6,677,1,48.61
Armavir,AM-AV,Մեծամոր,Նոր Արտագերս գյուղ,492,85,9,26,5,5,11,2,6,0,2,1,0,2,0,0,2,0,1084,659,11,648,1,60.79
Armavir,AM-AV,Մեծամոր,Նոր Կեսարիա գյուղ,478,119,42,40,12,1,5,4,0,0,5,1,0,1,0,0,1,0,1174,716,7,709,1,60.99
Armavir,AM-AV,Մեծամոր,Նորապատ գյուղ,634,165,61,16,2,17,11,10,2,7,2,2,1,5,0,0,0,0,1665,944,7,935,1,56.7
Armavir,AM-AV,Մեծամոր,Շենավան գյուղ,408,183,27,101,5,0,5,2,5,2,0,2,0,0,1,4,0,1,1162,753,7,746,1,64.8
Armavir,AM-AV,Մեծամոր,Ջանֆիդա գյուղ,634,251,72,32,11,7,357,16,10,4,3,0,3,2,5,2,2,1,2435,1415,3,1412,2,58.11
Armavir,AM-AV,Մեծամոր,Ջրաշեն գյուղ,306,41,13,8,5,3,4,0,0,0,1,1,0,0,0,0,0,0,629,387,5,382,1,61.53
Armavir,AM-AV,Մեծամոր,Վարդանաշեն գյուղ,224,168,38,16,3,5,8,0,8,0,1,0,2,0,0,0,0,0,785,474,1,473,1,60.38
Armavir,AM-AV,Մեծամոր,Տանձուտ գյուղ,452,203,45,17,14,0,18,8,4,3,7,2,1,0,0,1,0,1,1491,783,4,776,1,52.52
Armavir,AM-AV,Մեծամոր,Տարոնիկ գյուղ,424,220,87,43,26,13,11,7,2,30,1,1,6,4,0,1,0,1,1660,881,4,877,1,53.07
Armavir,AM-AV,Մեծամոր,Փշատավան գյուղ,673,122,46,21,18,2,33,14,7,1,2,1,2,2,2,0,0,0,1658,955,9,946,1,57.6
Armavir,AM-AV,Վաղարշապատ,Աղավնատուն գյուղ,710,625,42,8,13,14,19,11,11,1,2,2,0,1,0,2,0,3,2494,1480,12,1464,2,59.34
Armavir,AM-AV,Վաղարշապատ,Ամբերդ գյուղ,379,271,25,5,2,1,6,8,2,1,4,1,0,0,1,0,0,0,1181,709,3,706,1,60.03
Armavir,AM-AV,Վաղարշապատ,Այգեշատ (Էջմիածին) գյուղ,323,332,15,6,8,8,10,7,1,3,3,2,0,0,0,2,1,0,1189,729,8,721,1,61.31
Armavir,AM-AV,Վաղարշապատ,Արագած գյուղ,587,241,122,16,14,26,20,9,6,1,3,2,0,0,0,0,3,4,2049,1059,5,1054,2,51.68
Armavir,AM-AV,Վաղարշապատ,Արշալույս գյուղ,765,551,81,27,14,30,18,12,10,6,2,3,3,2,1,2,3,1,2941,1545,14,1531,2,52.53
Armavir,AM-AV,Վաղարշապատ,Գեղակերտ գյուղ,552,226,116,26,10,7,17,7,9,3,2,6,1,5,0,4,0,1,2030,1008,16,992,2,49.66
Armavir,AM-AV,Վաղարշապատ,Դաշտ գյուղ,194,143,79,1,4,2,3,1,1,1,1,2,1,1,0,0,1,0,678,436,1,435,1,64.31
Armavir,AM-AV,Վաղարշապատ,Դողս գյուղ,409,199,14,6,2,4,8,3,3,4,1,2,0,0,0,2,0,0,1061,662,5,657,1,62.39
Armavir,AM-AV,Վաղարշապատ,Էջմիածին քաղաք,11557,5845,2973,579,398,505,503,374,379,169,81,106,76,73,39,58,48,37,44918,24094,289,23800,24,53.64
Armavir,AM-AV,Վաղարշապատ,Լեռնամերձ գյուղ,160,38,8,6,1,2,5,1,2,0,0,0,0,0,0,0,0,0,344,224,1,223,1,65.12
Armavir,AM-AV,Վաղարշապատ,Ծաղկալանջ գյուղ,342,126,65,8,2,2,10,2,2,4,2,1,0,0,0,0,0,0,1111,572,6,566,1,51.49
Armavir,AM-AV,Վաղարշապատ,Ծաղկունք գյուղ,301,138,64,14,5,4,4,10,10,2,1,0,2,0,3,2,1,1,1070,565,3,562,1,52.8
Armavir,AM-AV,Վաղարշապատ,Ծիածան գյուղ,263,90,43,86,2,5,4,6,4,2,3,1,0,0,0,0,0,0,886,513,4,509,1,57.9
Armavir,AM-AV,Վաղարշապատ,Հայթաղ գյուղ,748,204,86,25,15,15,14,14,14,2,2,1,1,1,0,0,0,0,2111,1153,11,1142,2,54.62
Armavir,AM-AV,Վաղարշապատ,Հովտամեջ գյուղ,339,113,37,14,5,8,9,5,4,3,1,2,1,2,0,0,1,1,902,551,6,545,1,61.09
Armavir,AM-AV,Վաղարշապատ,Մոնթեավան գյուղ,236,88,23,6,3,2,3,6,5,0,0,1,2,0,0,0,0,0,635,380,5,375,1,59.84
Armavir,AM-AV,Վաղարշապատ,Մրգաստան գյուղ,245,176,60,17,3,9,6,4,5,1,1,2,1,0,3,0,1,0,881,536,2,534,1,60.84
Armavir,AM-AV,Վաղարշապատ,Շահումյան գյուղ,341,172,28,7,4,9,15,6,0,4,2,3,1,6,0,0,2,2,1008,613,11,602,1,60.81
Armavir,AM-AV,Վաղարշապատ,Ոսկեհատ գյուղ,482,391,163,17,8,12,23,12,11,4,6,1,1,3,11,0,1,2,2099,1155,7,1148,2,55.03
Armavir,AM-AV,Փարաքար,Այգեկ գյուղ,376,244,61,8,10,17,13,10,11,3,1,7,6,4,1,6,1,2,1159,790,9,781,1,68.16
Armavir,AM-AV,Փարաքար,Արեվաշատ գյուղ,412,143,55,37,9,12,5,8,8,2,4,5,2,2,1,3,0,1,1334,718,9,709,1,53.82
Armavir,AM-AV,Փարաքար,Բաղրամյան  (Էջմիածին) գյուղ,641,315,138,13,13,16,16,16,9,4,7,8,5,4,2,1,0,0,2167,1223,15,1208,2,56.44
Armavir,AM-AV,Փարաքար,Թաիրով գյուղ,706,268,85,16,17,16,26,19,16,9,6,7,2,2,1,2,0,1,2249,1210,9,1199,2,53.8
Armavir,AM-AV,Փարաքար,Մերձավան գյուղ,714,673,126,23,26,28,31,48,20,8,4,7,11,22,1,5,1,2,3016,1766,16,1750,2,58.55
Armavir,AM-AV,Փարաքար,Մուսալեռ գյուղ,800,190,115,97,25,17,29,10,22,13,10,3,5,1,0,1,1,3,2374,1352,10,1342,2,56.95
Armavir,AM-AV,Փարաքար,Նորակերտ գյուղ,749,329,83,14,12,15,23,17,15,10,4,4,0,2,1,2,2,2,2360,1298,14,1284,2,55.0
Armavir,AM-AV,Փարաքար,Պտղունք գյուղ,493,131,59,47,9,11,11,8,9,4,4,0,32,5,0,2,2,1,1537,842,13,828,1,54.78
Armavir,AM-AV,Փարաքար,Փարաքար գյուղ,1342,675,286,59,35,47,60,49,41,30,23,14,6,5,6,6,6,2,5062,2714,22,2692,3,53.62
Armavir,AM-AV,Ֆերիկ,nan,87,22,10,4,0,0,0,0,0,0,1,1,0,0,0,0,0,0,251,128,3,125,1,51.0
Gegharkunik,AM-GR,Գավառ,Բերդկունք գյուղ,83,33,15,8,6,1,2,2,8,1,0,3,0,0,0,0,0,0,216,164,2,162,1,75.93
Gegharkunik,AM-GR,Գավառ,Գանձակ գյուղ,1053,197,135,51,18,20,15,13,7,8,7,1,2,6,0,0,2,2,3016,1555,18,1537,2,51.56
Gegharkunik,AM-GR,Գավառ,Գավառ քաղաք,5510,2397,596,416,218,162,179,75,108,79,37,29,28,40,11,15,2,7,19987,10033,118,9909,12,50.2
Gegharkunik,AM-GR,Գավառ,Գեղարքունիք գյուղ,380,109,13,18,12,6,5,6,4,2,2,0,3,0,0,1,0,0,1221,569,7,561,1,46.6
Gegharkunik,AM-GR,Գավառ,Լանջաղբյուր գյուղ,529,176,46,12,13,3,3,4,3,1,2,3,0,0,1,0,0,2,1683,808,9,798,1,48.01
Gegharkunik,AM-GR,Գավառ,Լճափ գյուղ,262,80,25,12,86,5,10,1,1,5,2,0,3,1,3,0,2,0,841,508,9,498,1,60.4
Gegharkunik,AM-GR,Գավառ,Ծաղկաշեն գյուղ,135,26,8,13,5,0,0,0,0,0,0,0,0,0,0,0,0,0,374,187,0,187,1,50.0
Gegharkunik,AM-GR,Գավառ,Ծովազարդ գյուղ,507,245,58,15,15,12,10,6,7,9,5,4,0,2,1,5,3,1,1506,913,8,905,1,60.62
Gegharkunik,AM-GR,Գավառ,Կարմիրգյուղ գյուղ,1226,558,96,82,37,16,26,11,9,5,6,4,4,0,0,1,2,0,4195,2104,21,2083,3,50.15
Gegharkunik,AM-GR,Գավառ,Հայրավանք գյուղ,210,38,11,31,10,2,7,1,3,2,2,2,0,2,0,0,0,0,532,325,4,321,1,61.09
Gegharkunik,AM-GR,Գավառ,Նորատուս գյուղ,835,766,217,516,43,34,37,16,26,12,10,6,1,5,5,4,5,2,4387,2568,28,2540,3,58.54
Gegharkunik,AM-GR,Գավառ,Սարուխան գյուղ,1253,486,57,91,26,7,21,11,6,2,7,5,1,9,2,2,2,2,4979,2031,29,1990,3,40.79
Gegharkunik,AM-GR,Ճամբարակ,Աղբերք գյուղ,24,77,15,13,0,1,1,0,0,2,0,0,0,0,0,0,0,0,216,134,1,133,1,62.04
Gegharkunik,AM-GR,Ճամբարակ,Այգուտ գյուղ,51,101,52,58,8,8,1,3,4,2,0,2,0,1,0,1,1,1,562,295,1,294,1,52.49
Gegharkunik,AM-GR,Ճամբարակ,Անտառամեջ գյուղ,24,21,14,4,1,3,0,1,1,0,0,0,0,0,0,0,0,0,124,69,0,69,1,55.65
Gegharkunik,AM-GR,Ճամբարակ,Արտանիշ գյուղ,91,47,39,98,2,1,3,2,1,1,1,0,1,0,0,0,0,0,438,289,2,287,1,65.98
Gegharkunik,AM-GR,Ճամբարակ,Գետիկ գյուղ,140,25,10,5,4,7,0,1,1,4,3,1,2,0,1,0,0,0,304,205,1,204,1,67.43
Gegharkunik,AM-GR,Ճամբարակ,Դպրաբակ գյուղ,74,40,87,8,4,1,3,1,3,4,1,3,0,0,0,0,0,0,364,230,1,229,1,63.19
Gegharkunik,AM-GR,Ճամբարակ,Դրախտիկ գյուղ,158,172,66,33,3,7,5,2,3,1,1,0,0,1,0,1,1,1,677,461,6,455,1,68.09
Gegharkunik,AM-GR,Ճամբարակ,Թթուջուր գյուղ,339,101,22,18,10,11,2,6,7,3,1,3,0,0,2,1,0,0,753,535,9,526,1,71.05
Gegharkunik,AM-GR,Ճամբարակ,Ծափաթաղ գյուղ,33,13,25,23,0,3,3,3,0,0,0,0,0,0,0,0,0,0,156,104,1,103,1,66.67
Gegharkunik,AM-GR,Ճամբարակ,Կալավան գյուղ,30,11,26,1,0,13,0,0,0,0,0,0,0,0,0,0,0,0,133,83,2,81,1,62.41
Gegharkunik,AM-GR,Ճամբարակ,Ձորավանք գյուղ,12,33,35,5,3,0,3,1,1,0,0,0,0,0,0,0,0,0,126,94,1,93,1,74.6
Gegharkunik,AM-GR,Ճամբարակ,Ճամբարակ քաղաք,1865,733,298,200,76,111,33,35,52,26,30,18,10,9,8,5,3,3,5503,3565,49,3515,4,64.78
Gegharkunik,AM-GR,Ճամբարակ,Մարտունի գյուղ,193,51,7,2,2,2,3,0,3,0,3,0,0,0,0,0,0,0,425,270,4,266,1,63.53
Gegharkunik,AM-GR,Ճամբարակ,Շողակաթ գյուղ,122,71,48,5,0,3,2,3,3,3,1,0,1,1,0,0,1,0,384,265,1,264,1,69.01
Gegharkunik,AM-GR,Ճամբարակ,Ջիլ գյուղ,55,82,61,115,1,3,2,2,1,2,0,1,0,0,0,0,0,0,460,329,4,325,1,71.52
Gegharkunik,AM-GR,Ճամբարակ,Վահան գյուղ,335,99,40,12,14,5,8,2,13,4,8,3,3,0,3,1,0,2,866,557,5,552,1,64.32
Gegharkunik,AM-GR,Մարտունի,Աստղաձոր գյուղ,1074,232,99,112,32,6,14,7,8,2,6,4,3,0,1,1,1,0,2953,1613,11,1602,2,54.62
Gegharkunik,AM-GR,Մարտունի,Արծվանիստ գյուղ,694,137,54,317,20,4,7,5,5,1,10,2,0,0,3,1,0,0,2172,1274,13,1260,2,58.66
Gegharkunik,AM-GR,Մարտունի,Գեղհովիտ գյուղ,1554,239,128,88,90,20,20,14,20,12,10,6,15,26,3,0,0,1,4241,2257,12,2246,3,53.22
Gegharkunik,AM-GR,Մարտունի,Երանոս գյուղ,832,235,54,21,29,6,17,11,4,5,3,2,5,2,1,0,0,3,3354,1245,14,1230,2,37.12
Gegharkunik,AM-GR,Մարտունի,Զոլաքար գյուղ,1215,322,336,69,24,17,26,6,15,10,7,3,2,5,5,2,5,2,4666,2122,51,2071,3,45.48
Gegharkunik,AM-GR,Մարտունի,Լիճք գյուղ,809,417,80,28,89,8,11,17,6,9,11,3,2,0,1,0,1,0,3605,1507,15,1492,2,41.8
Gegharkunik,AM-GR,Մարտունի,Ծակքար գյուղ,494,155,43,46,13,2,8,6,4,1,2,1,1,0,0,1,0,0,1935,784,7,777,1,40.52
Gegharkunik,AM-GR,Մարտունի,Ծովասար գյուղ,515,87,17,38,28,6,2,7,3,1,3,2,4,0,1,0,0,1,1995,735,20,715,1,36.84
Gegharkunik,AM-GR,Մարտունի,Ծովինար գյուղ,1318,233,105,99,25,15,6,8,8,5,6,2,1,1,2,0,0,1,3168,1851,16,1835,2,58.43
Gegharkunik,AM-GR,Մարտունի,Ձորագյուղ գյուղ,830,223,74,17,20,4,4,5,4,6,9,5,8,2,0,3,0,1,3295,1228,13,1215,2,37.27
Gegharkunik,AM-GR,Մարտունի,Մադինա գյուղ,317,31,12,13,55,5,3,1,4,2,1,2,0,0,0,0,0,0,789,451,5,446,1,57.16
Gegharkunik,AM-GR,Մարտունի,Մարտունի քաղաք,3223,995,420,687,280,80,77,40,40,35,14,8,75,10,12,6,4,5,10110,6066,78,6011,7,60.0
Gegharkunik,AM-GR,Մարտունի,Ներքին Գետաշեն գյուղ,1766,268,269,113,586,20,40,17,10,10,12,13,6,14,1,2,5,2,6496,3199,43,3154,4,49.25
Gegharkunik,AM-GR,Մարտունի,Վաղաշեն գյուղ,877,325,117,40,40,7,13,2,4,3,6,2,2,8,1,1,0,0,2803,1471,22,1448,2,52.48
Gegharkunik,AM-GR,Մարտունի,Վարդաձոր գյուղ,400,67,112,2,5,2,4,0,0,2,0,2,1,0,0,0,2,0,1794,604,5,599,1,33.67
Gegharkunik,AM-GR,Մարտունի,Վարդենիկ գյուղ,2023,245,119,20,27,63,38,23,13,20,8,5,1,2,21,5,2,1,5705,2664,27,2636,4,46.7
Gegharkunik,AM-GR,Մարտունի,Վերին Գետաշեն գյուղ,957,283,78,24,60,12,29,6,6,62,3,3,6,19,4,0,0,0,3083,1574,21,1552,2,51.05
Gegharkunik,AM-GR,Սեվան,Գեղամավան գյուղ,289,46,441,4,2,8,6,3,2,2,1,1,0,2,0,1,0,0,1272,813,5,808,1,63.92
Gegharkunik,AM-GR,Սեվան,Դդմաշեն գյուղ,543,152,187,22,15,10,7,4,4,6,2,2,10,1,0,3,0,0,1781,983,15,968,1,55.19
Gegharkunik,AM-GR,Սեվան,Զովաբեր գյուղ,461,186,60,11,26,11,10,5,2,1,2,1,8,1,2,1,1,1,1143,795,4,790,1,69.55
Gegharkunik,AM-GR,Սեվան,Լճաշեն գյուղ,1182,302,130,26,17,35,33,10,26,10,5,4,7,1,1,3,2,2,3025,1810,14,1796,2,59.83
Gegharkunik,AM-GR,Սեվան,Ծաղկունք գյուղ,254,87,53,6,13,4,3,3,2,2,1,1,0,2,0,0,0,0,761,437,6,431,1,57.42
Gegharkunik,AM-GR,Սեվան,Ծովագյուղ գյուղ,957,664,257,26,23,25,30,11,15,9,4,3,13,0,2,1,0,3,3088,2060,17,2043,2,66.71
Gegharkunik,AM-GR,Սեվան,Նորաշեն գյուղ,126,43,24,2,4,0,7,1,0,18,1,0,1,1,0,1,0,0,358,236,7,229,1,65.92
Gegharkunik,AM-GR,Սեվան,Չկալովկա գյուղ,178,64,22,3,5,3,3,0,4,0,0,0,0,1,0,1,0,0,405,289,5,284,1,71.36
Gegharkunik,AM-GR,Սեվան,Սեմյոնովկա գյուղ,60,51,5,2,1,0,2,0,0,3,1,0,0,0,0,0,0,0,208,125,0,125,1,60.1
Gegharkunik,AM-GR,Սեվան,Սեվան քաղաք,5687,2527,1462,213,314,184,171,149,113,123,41,41,35,24,21,18,19,9,18973,11282,124,11151,12,59.46
Gegharkunik,AM-GR,Սեվան,Վարսեր գյուղ,429,156,91,11,10,16,11,10,8,7,1,3,4,1,1,1,1,0,1253,767,6,761,1,61.21
Gegharkunik,AM-GR,Վարդենիս,Ազատ գյուղ,25,24,16,12,1,0,1,0,0,1,0,0,0,0,1,0,0,0,136,82,1,81,1,60.29
Gegharkunik,AM-GR,Վարդենիս,Ախպրաձոր գյուղ,56,9,14,28,0,0,0,0,0,3,1,0,0,0,0,0,0,0,223,112,1,111,1,50.22
Gegharkunik,AM-GR,Վարդենիս,Ակունք գյուղ,893,205,52,318,11,8,9,11,10,9,2,1,1,3,0,1,1,0,2866,1584,49,1535,2,55.27
Gegharkunik,AM-GR,Վարդենիս,Այրք գյուղ,77,24,10,9,0,2,0,0,0,0,2,1,0,0,0,0,0,0,230,133,8,125,1,57.83
Gegharkunik,AM-GR,Վարդենիս,Ավազան գյուղ,43,27,42,6,1,0,0,0,0,0,0,1,0,0,0,0,0,0,199,121,1,120,1,60.8
Gegharkunik,AM-GR,Վարդենիս,Արեգունի գյուղ,46,16,68,11,1,0,0,0,5,4,0,4,0,0,0,0,0,1,243,157,1,156,1,64.61
Gegharkunik,AM-GR,Վարդենիս,Արփունք գյուղ,43,50,105,10,0,3,0,0,0,0,2,0,0,0,0,0,0,0,336,213,0,213,1,63.39
Gegharkunik,AM-GR,Վարդենիս,Գեղամաբակ գյուղ,38,3,6,2,0,0,0,0,0,1,1,0,0,0,1,0,0,0,99,53,1,52,1,53.54
Gegharkunik,AM-GR,Վարդենիս,Գեղամասար գյուղ,99,40,221,136,0,0,1,3,1,0,0,0,0,0,0,0,0,0,722,501,0,501,1,69.39
Gegharkunik,AM-GR,Վարդենիս,Գեղաքար գյուղ,45,10,3,4,0,1,0,0,0,4,0,0,0,0,0,0,0,0,99,67,0,67,1,67.68
Gegharkunik,AM-GR,Վարդենիս,Դարանակ գյուղ,12,7,41,1,0,0,3,0,0,0,0,0,0,0,0,0,0,0,99,64,0,64,1,64.65
Gegharkunik,AM-GR,Վարդենիս,Լճավան գյուղ,131,54,23,20,4,0,0,3,0,0,0,0,0,1,0,0,0,0,411,239,3,236,1,58.15
Gegharkunik,AM-GR,Վարդենիս,Լուսակունք գյուղ,435,76,14,26,2,4,0,1,3,31,0,1,0,0,0,0,0,0,1004,605,12,593,1,60.26
Gegharkunik,AM-GR,Վարդենիս,Խաչաղբյուր գյուղ,334,60,45,26,5,6,1,1,2,2,1,0,0,1,0,1,0,1,874,492,5,486,1,56.29
Gegharkunik,AM-GR,Վարդենիս,Ծովակ գյուղ,996,204,68,31,9,4,6,7,5,21,5,2,1,2,1,1,1,0,2001,1382,18,1364,1,69.07
Gegharkunik,AM-GR,Վարդենիս,Կախակն գյուղ,40,36,54,33,0,0,1,0,1,0,1,0,0,0,0,0,0,0,249,167,1,166,1,67.07
Gegharkunik,AM-GR,Վարդենիս,Կարճաղբյուր գյուղ,730,150,67,149,8,5,11,15,9,7,5,2,1,1,0,1,0,0,1995,1164,2,1161,1,58.35
Gegharkunik,AM-GR,Վարդենիս,Կութ գյուղ,51,20,24,8,0,2,0,2,0,0,0,1,0,0,0,0,0,0,152,111,3,108,1,73.03
Gegharkunik,AM-GR,Վարդենիս,Կուտական գյուղ,57,5,17,12,0,1,0,0,0,2,1,0,0,0,0,0,0,0,175,95,0,95,1,54.29
Gegharkunik,AM-GR,Վարդենիս,Մաքենիս գյուղ,237,99,116,46,5,2,5,14,10,3,3,1,3,1,1,2,0,1,661,551,2,549,1,83.36
Gegharkunik,AM-GR,Վարդենիս,Մեծ Մասրիկ գյուղ,671,163,111,186,9,4,3,3,8,3,5,1,0,1,0,1,1,1,1883,1181,12,1171,1,62.72
Gegharkunik,AM-GR,Վարդենիս,Նորաբակ գյուղ,47,32,60,11,1,0,1,1,0,2,0,0,0,0,0,0,0,0,244,155,0,155,1,63.52
Gegharkunik,AM-GR,Վարդենիս,Նորակերտ գյուղ,258,33,19,13,1,0,4,4,1,3,0,0,0,0,0,0,0,0,615,343,7,336,1,55.77
Gegharkunik,AM-GR,Վարդենիս,Շատջրեք գյուղ,112,48,28,15,0,2,1,0,0,1,0,1,2,0,1,0,0,0,327,213,2,211,1,65.14
Gegharkunik,AM-GR,Վարդենիս,Շատվան գյուղ,79,49,21,20,1,4,0,2,1,3,2,12,1,0,0,0,0,0,351,198,3,195,1,56.41
Gegharkunik,AM-GR,Վարդենիս,Ջաղացաձոր գյուղ,45,12,13,2,0,0,0,0,0,7,0,0,0,0,0,0,0,0,122,80,2,79,1,65.57
Gegharkunik,AM-GR,Վարդենիս,Սոթք գյուղ,718,177,115,73,13,4,4,19,15,3,7,5,4,2,1,1,3,1,1632,1185,19,1165,1,72.61
Gegharkunik,AM-GR,Վարդենիս,Վանեվան գյուղ,110,33,12,23,3,0,0,0,0,1,0,0,0,1,0,0,0,0,260,185,2,183,1,71.15
Gegharkunik,AM-GR,Վարդենիս,Վարդենիս քաղաք,3011,1142,327,455,76,57,49,31,40,172,12,29,6,6,4,3,7,4,9828,5514,83,5431,6,56.11
Gegharkunik,AM-GR,Վարդենիս,Տորֆավան գյուղ,100,21,10,18,2,2,1,0,1,1,0,0,0,0,0,0,0,0,322,158,2,156,1,49.07
Gegharkunik,AM-GR,Վարդենիս,Տրետուք գյուղ,35,38,7,20,1,0,0,0,1,0,0,0,0,0,0,0,0,0,168,102,0,102,1,60.71
Gegharkunik,AM-GR,Վարդենիս,Փամբակ գյուղ,34,50,86,22,0,0,0,0,0,1,0,1,4,0,0,0,0,0,299,198,0,198,1,66.22
Gegharkunik,AM-GR,Վարդենիս,Փոքր Մասրիկ գյուղ,119,51,82,52,5,0,6,0,1,1,2,0,0,0,0,1,0,1,509,330,9,321,1,64.83
Kotayk,AM-KT,Աբովյան,Աբովյան քաղաք,10702,5316,3131,3286,505,613,482,438,456,231,101,138,100,67,59,62,54,23,43716,26083,314,25764,27,59.66
Kotayk,AM-KT,Աբովյան,Առինջ գյուղ,938,448,271,1566,77,64,41,45,48,31,13,15,4,13,3,3,3,2,6010,3614,29,3585,3,60.13
Kotayk,AM-KT,Աբովյան,Արամուս գյուղ,1106,397,101,260,17,24,20,15,26,16,4,3,3,2,3,1,3,1,3045,2017,13,2002,2,66.24
Kotayk,AM-KT,Աբովյան,Բալահովիտ գյուղ,758,257,161,364,25,57,34,31,27,14,7,6,5,2,1,4,5,1,2926,1784,25,1759,2,60.97
Kotayk,AM-KT,Աբովյան,Գեղաշեն գյուղ,939,358,127,264,35,42,21,13,13,4,6,10,9,7,0,1,3,1,3230,1864,10,1853,2,57.71
Kotayk,AM-KT,Աբովյան,Գետարգել գյուղ,258,41,33,142,6,6,6,7,5,2,1,0,0,0,0,1,0,0,729,515,7,508,1,70.64
Kotayk,AM-KT,Աբովյան,Կաթնաղբյուր գյուղ,223,33,37,54,3,6,1,2,2,0,1,2,0,0,0,0,0,0,509,366,2,364,1,71.91
Kotayk,AM-KT,Աբովյան,Կամարիս գյուղ,605,117,21,340,6,7,15,5,5,5,4,3,4,0,0,2,1,2,1775,1148,4,1142,1,64.68
Kotayk,AM-KT,Աբովյան,Մայակովսկի գյուղ,415,209,69,104,16,12,13,7,13,7,4,2,1,1,0,3,0,0,1663,887,11,876,1,53.34
Kotayk,AM-KT,Աբովյան,Պտղնի գյուղ,381,173,97,101,8,21,17,8,4,3,4,2,3,3,0,0,2,0,1440,839,12,827,1,58.26
Kotayk,AM-KT,Աբովյան,Վերին Պտղնի գյուղ,236,145,52,71,4,20,10,6,9,1,6,0,0,0,0,1,0,0,876,570,8,561,1,65.07
Kotayk,AM-KT,Ակունք,Ակունք գյուղ,599,296,84,113,11,17,13,10,4,3,8,5,4,6,0,1,0,0,1709,1186,12,1174,1,69.4
Kotayk,AM-KT,Ակունք,Զառ գյուղ,369,87,21,265,8,8,4,1,3,4,2,2,1,1,1,1,0,0,1112,782,4,778,1,70.32
Kotayk,AM-KT,Ակունք,Զովաշեն գյուղ,44,24,2,15,0,0,0,0,0,0,1,0,0,0,0,1,0,0,133,87,0,87,1,65.41
Kotayk,AM-KT,Ակունք,Կապուտան գյուղ,386,85,29,180,3,10,10,4,5,2,2,1,1,0,2,0,0,0,1068,729,8,720,1,68.26
Kotayk,AM-KT,Ակունք,Կոտայք գյուղ,387,307,36,126,14,8,7,7,4,3,4,6,3,1,0,3,0,0,1369,920,4,916,1,67.2
Kotayk,AM-KT,Ակունք,Հատիս գյուղ,114,22,8,14,3,4,18,3,2,0,1,2,0,0,6,0,0,1,292,200,2,198,1,68.49
Kotayk,AM-KT,Ակունք,Նոր գյուղ գյուղ,420,177,73,160,13,15,11,9,10,5,2,1,13,2,0,2,1,0,1440,921,8,914,1,63.96
Kotayk,AM-KT,Ակունք,Սեվաբերդ գյուղ,76,9,3,11,2,1,0,2,0,0,1,6,0,0,0,1,0,1,189,117,4,113,1,61.9
Kotayk,AM-KT,Արզնի,nan,538,352,220,93,15,14,18,7,14,10,6,2,3,1,0,2,1,1,2335,1312,15,1297,2,56.19
Kotayk,AM-KT,Բյուրեղավան,Բյուրեղավան քաղաք,2206,1382,573,261,73,79,76,64,42,29,18,16,14,16,4,10,4,3,8039,4931,62,4870,4,61.34
Kotayk,AM-KT,Բյուրեղավան,Նուռնուս գյուղ,174,111,48,49,9,4,7,5,1,3,2,1,4,1,1,0,0,0,715,441,21,420,1,61.68
Kotayk,AM-KT,Բյուրեղավան,Ջրաբեր գյուղ,107,60,24,3,9,0,3,0,3,0,2,0,0,1,0,0,0,0,321,213,1,212,1,66.36
Kotayk,AM-KT,Գառնի,Գառնի գյուղ,2270,804,287,203,52,90,53,38,27,16,11,9,3,8,2,9,2,1,6226,3939,52,3885,4,63.27
Kotayk,AM-KT,Գառնի,Գեղադիր գյուղ,221,33,8,181,1,6,4,1,1,2,1,1,0,2,1,0,1,0,625,474,10,464,1,75.84
Kotayk,AM-KT,Գառնի,Գեղարդ գյուղ,80,48,12,51,2,1,1,0,0,0,0,0,1,1,0,1,0,0,270,201,3,198,1,74.44
Kotayk,AM-KT,Գառնի,Գողթ գյուղ,617,137,37,139,14,14,8,4,7,2,2,2,1,1,2,2,0,0,1589,1012,23,989,1,63.69
Kotayk,AM-KT,Գառնի,Հացավան գյուղ,206,38,17,22,4,5,0,4,0,0,0,2,0,1,2,1,0,0,452,304,2,302,1,67.26
Kotayk,AM-KT,Գառնի,Ողջաբերդ գյուղ,280,54,22,51,7,7,8,8,9,4,1,2,2,0,0,0,2,1,722,464,6,458,1,64.27
Kotayk,AM-KT,Ծաղկաձոր,Աղավնաձոր գյուղ,333,165,41,82,3,5,5,2,8,4,1,0,0,1,0,1,1,0,961,657,5,652,1,68.37
Kotayk,AM-KT,Ծաղկաձոր,Արտավազ գյուղ,168,53,26,1,2,0,1,3,0,0,0,0,0,1,0,0,2,0,398,259,2,257,1,65.08
Kotayk,AM-KT,Ծաղկաձոր,Ծաղկաձոր քաղաք,489,162,148,40,8,5,18,9,15,4,12,1,8,2,0,1,0,1,1234,927,4,923,1,75.12
Kotayk,AM-KT,Ծաղկաձոր,Հանքավան գյուղ,37,7,1,1,0,1,0,0,0,0,0,0,0,0,0,0,0,0,86,48,1,47,1,55.81
Kotayk,AM-KT,Ծաղկաձոր,Մարմարիկ գյուղ,221,50,78,50,1,0,1,1,0,0,0,0,0,1,0,0,0,0,569,408,5,403,1,71.7
Kotayk,AM-KT,Ծաղկաձոր,Մեղրաձոր գյուղ,717,364,47,59,18,6,12,2,19,1,3,2,2,1,7,2,1,1,2058,1278,14,1264,1,62.1
Kotayk,AM-KT,Ծաղկաձոր,Փյունիկ գյուղ,91,36,36,1,0,0,1,1,1,0,1,0,0,1,0,0,0,1,246,173,3,170,1,70.33
Kotayk,AM-KT,Հրազդան,Լեռնանիստ գյուղ,750,310,70,41,19,18,22,21,20,11,7,0,3,3,23,1,4,0,2126,1337,14,1323,2,62.89
Kotayk,AM-KT,Հրազդան,Հրազդան քաղաք,11292,6828,3382,1214,444,414,442,333,342,119,104,67,66,55,134,54,40,29,41731,25687,327,25359,29,61.55
Kotayk,AM-KT,Հրազդան,Ջրառատ գյուղ,145,42,58,6,2,5,4,1,4,1,0,0,0,0,0,0,0,0,441,274,6,268,1,62.13
Kotayk,AM-KT,Հրազդան,Սոլակ գյուղ,698,245,75,34,16,15,17,18,10,17,1,4,3,1,0,5,1,1,1887,1172,11,1161,1,62.11
Kotayk,AM-KT,Հրազդան,Քաղսի գյուղ,747,246,47,95,22,25,19,9,7,6,2,5,4,1,8,1,2,0,1886,1261,15,1246,1,66.86
Kotayk,AM-KT,Նաիրի,Արագյուղ գյուղ,301,135,63,77,4,10,8,2,6,5,1,1,1,4,0,0,2,0,899,625,5,620,1,69.52
Kotayk,AM-KT,Նաիրի,Բուժական գյուղ,595,109,32,113,7,5,6,8,6,5,5,5,0,2,2,0,0,0,1331,909,12,900,1,68.29
Kotayk,AM-KT,Նաիրի,Եղվարդ քաղաք,3470,1562,650,204,166,160,92,115,108,57,19,35,21,15,9,9,9,8,11276,6824,113,6709,6,60.52
Kotayk,AM-KT,Նաիրի,Զովունի գյուղ,1697,750,315,166,70,88,66,49,47,42,8,8,3,18,3,4,7,3,5815,3378,33,3344,3,58.09
Kotayk,AM-KT,Նաիրի,Զորավան գյուղ,424,126,84,11,21,13,5,15,7,5,3,8,2,0,0,3,2,2,1217,740,10,731,1,60.81
Kotayk,AM-KT,Նաիրի,Պռոշյան գյուղ,1470,445,425,29,50,65,29,36,33,23,5,10,8,12,1,3,5,2,4628,2681,27,2651,3,57.93
Kotayk,AM-KT,Նաիրի,Սարալանջ գյուղ,121,31,10,0,0,2,0,3,2,0,0,1,0,0,0,0,3,0,289,173,0,173,1,59.86
Kotayk,AM-KT,Նաիրի,Քասախ գյուղ,1711,611,398,62,76,61,53,61,40,26,13,8,8,10,6,7,2,1,4988,3191,39,3154,3,63.97
Kotayk,AM-KT,Նոր Հաճըն,Արգել գյուղ,633,276,115,117,14,30,16,7,8,159,2,2,11,2,3,2,4,0,2392,1427,18,1401,2,59.66
Kotayk,AM-KT,Նոր Հաճըն,Գետամեջ գյուղ,230,78,23,26,9,12,4,6,9,6,2,1,2,0,0,2,0,0,678,415,5,410,1,61.21
Kotayk,AM-KT,Նոր Հաճըն,Թեղենիք գյուղ,132,32,12,34,1,3,1,0,3,0,2,1,0,1,1,1,0,0,398,228,4,224,1,57.29
Kotayk,AM-KT,Նոր Հաճըն,Մրգաշեն գյուղ,461,231,161,49,4,16,19,16,13,4,1,3,0,0,1,0,0,5,1632,990,6,984,1,60.66
Kotayk,AM-KT,Նոր Հաճըն,Նոր Արտամետ գյուղ,217,130,103,32,6,9,6,8,14,1,2,3,2,3,0,0,0,2,888,540,0,538,1,60.81
Kotayk,AM-KT,Նոր Հաճըն,Նոր Գեղի գյուղ,1538,992,437,323,65,58,60,92,64,53,22,10,8,23,5,16,5,9,6064,3854,73,3780,3,63.56
Kotayk,AM-KT,Նոր Հաճըն,Նոր Հաճն քաղաք,2659,930,712,309,123,140,129,97,114,57,25,37,41,25,2,20,5,15,8852,5540,99,5440,5,62.58
Kotayk,AM-KT,Նոր Հաճըն,Քանաքեռավան գյուղ,1135,460,191,49,38,18,41,44,26,8,6,1,17,3,3,3,2,0,3302,2071,26,2045,2,62.72
Kotayk,AM-KT,Նոր Հաճըն,Քարաշամբ գյուղ,165,99,23,5,10,7,4,1,3,3,2,1,2,2,0,0,0,0,556,332,5,327,1,59.71
Kotayk,AM-KT,Չարենցավան,Ալափարս գյուղ,694,263,118,21,27,13,27,17,9,13,3,1,2,4,2,2,0,0,1890,1227,12,1216,1,64.92
Kotayk,AM-KT,Չարենցավան,Արզական գյուղ,733,346,138,50,35,7,26,14,9,7,4,9,3,2,0,1,8,3,2191,1403,6,1395,2,64.03
Kotayk,AM-KT,Չարենցավան,Բջնի գյուղ,878,194,63,68,99,9,22,16,11,4,0,2,1,3,1,1,5,3,2112,1393,13,1380,2,65.96
Kotayk,AM-KT,Չարենցավան,Կարենիս գյուղ,209,120,25,11,7,0,4,11,2,7,1,2,0,0,0,0,1,0,617,402,2,400,1,65.15
Kotayk,AM-KT,Չարենցավան,Չարենցավան քաղաք,5608,2630,1987,465,262,286,221,188,145,89,56,32,68,58,22,27,24,14,20658,12364,178,12182,12,59.85
Kotayk,AM-KT,Չարենցավան,Ֆանտան գյուղ,332,62,32,90,2,8,4,5,0,12,1,3,0,1,0,1,0,0,811,557,4,553,1,68.68
Kotayk,AM-KT,Ջրվեժ,Զովք գյուղ,291,40,15,214,2,10,6,5,2,0,1,0,0,1,0,0,0,0,797,589,2,587,1,73.9
Kotayk,AM-KT,Ջրվեժ,Ձորաղբյուր գյուղ,623,285,143,75,34,87,33,12,16,7,3,5,5,7,1,0,1,1,2353,1349,11,1338,2,57.33
Kotayk,AM-KT,Ջրվեժ,Ջրվեժ գյուղ,1869,632,348,92,77,113,61,85,49,37,14,10,11,13,5,10,8,1,5890,3479,44,3435,3,59.07
Lori,AM-LO,Ալավերդի,Ալավերդի քաղաք,3853,2381,253,131,80,115,103,52,55,25,46,24,27,16,31,10,6,11,13106,7323,99,7219,14,55.88
Lori,AM-LO,Ալավերդի,Ախթալա քաղաք,579,340,52,29,4,9,19,2,7,3,7,2,1,5,35,0,2,0,1872,1111,15,1096,3,59.35
Lori,AM-LO,Ալավերդի,Այգեհատ գյուղ,62,59,16,4,1,1,3,2,0,1,0,0,0,1,0,1,0,1,226,156,4,152,1,69.03
Lori,AM-LO,Ալավերդի,Արդվի գյուղ,52,34,6,6,0,1,0,0,0,1,0,0,0,0,0,0,0,0,136,100,0,100,1,73.53
Lori,AM-LO,Ալավերդի,Արեվածագ գյուղ,371,66,3,4,1,4,0,1,2,5,1,0,0,0,0,1,0,0,659,463,4,459,1,70.26
Lori,AM-LO,Ալավերդի,Աքորի գյուղ,446,381,54,60,17,6,9,1,3,4,6,1,3,0,1,2,0,0,1766,1004,10,994,1,56.85
Lori,AM-LO,Ալավերդի,Թեղուտ գյուղ,278,113,9,9,5,10,4,4,7,2,1,0,5,0,0,1,0,3,577,462,11,451,1,80.07
Lori,AM-LO,Ալավերդի,Ծաթեր գյուղ,203,22,0,2,0,0,3,0,2,0,1,0,0,0,0,0,0,0,307,240,7,233,1,78.18
Lori,AM-LO,Ալավերդի,Ծաղկաշատ գյուղ,72,40,1,2,0,0,1,0,0,0,0,0,0,0,0,0,0,0,150,117,1,116,1,78.0
Lori,AM-LO,Ալավերդի,Կաճաճկուտ գյուղ,172,51,1,2,1,0,0,1,0,0,2,1,1,0,1,0,0,0,340,234,1,233,1,68.82
Lori,AM-LO,Ալավերդի,Կարմիր Աղեկ գյուղ,34,32,6,1,1,3,0,0,1,0,2,0,0,0,0,0,0,0,127,80,0,80,1,62.99
Lori,AM-LO,Ալավերդի,Հագվի գյուղ,183,52,8,3,1,2,2,0,1,0,0,0,10,0,1,0,0,0,377,264,1,263,1,70.03
Lori,AM-LO,Ալավերդի,Հաղպատ գյուղ,267,107,7,6,8,5,3,4,7,2,1,2,2,2,0,0,0,1,584,427,3,424,1,73.12
Lori,AM-LO,Ալավերդի,Ճոճկան գյուղ,525,343,24,18,7,3,4,2,8,29,10,0,3,1,0,1,0,1,1418,989,9,979,1,69.75
Lori,AM-LO,Ալավերդի,Մեծ Այրում գյուղ,111,178,13,3,1,5,2,2,1,2,0,0,0,2,9,1,0,0,530,331,1,330,1,62.45
Lori,AM-LO,Ալավերդի,Մղարթ գյուղ,126,136,0,4,0,0,0,0,1,0,0,0,0,0,0,0,0,0,365,270,3,267,1,73.97
Lori,AM-LO,Ալավերդի,Նեղոց գյուղ,85,51,2,3,2,1,7,1,1,0,1,0,1,0,5,0,0,1,236,162,1,161,1,68.64
Lori,AM-LO,Ալավերդի,Շամլուղ քաղաք,150,111,12,11,5,2,5,3,4,1,3,1,0,2,0,0,1,0,641,323,11,311,2,50.39
Lori,AM-LO,Ալավերդի,Շնող գյուղ,961,381,52,36,24,26,24,14,20,15,7,6,8,2,1,1,0,2,2227,1594,14,1580,2,71.58
Lori,AM-LO,Ալավերդի,Ջիլիզա գյուղ,66,42,0,1,0,0,0,0,0,0,0,0,0,0,0,0,0,0,169,109,0,109,1,64.5
Lori,AM-LO,Ալավերդի,Սանահին գյուղ,247,90,10,4,1,1,2,3,2,0,4,2,1,2,0,0,0,0,538,373,4,369,1,69.33
Lori,AM-LO,Ալավերդի,Քարկոփ գյուղ,151,21,7,1,1,0,1,3,1,5,0,0,0,0,2,0,0,0,263,194,1,193,1,73.76
Lori,AM-LO,Ալավերդի,Օձուն գյուղ,1361,684,73,60,43,18,27,13,16,14,5,3,6,12,29,0,0,1,3748,2387,22,2365,3,63.69
Lori,AM-LO,Գյուլագարակ,Ամրակից գյուղ,84,130,14,14,2,3,1,3,1,1,2,0,0,1,0,1,0,0,415,260,2,257,1,62.65
Lori,AM-LO,Գյուլագարակ,Գարգառ գյուղ,254,354,25,40,7,14,6,1,6,0,4,1,1,1,0,1,0,0,1065,719,4,715,1,67.51
Lori,AM-LO,Գյուլագարակ,Գյուլագարակ գյուղ,437,500,40,17,6,2,6,2,9,4,6,0,3,1,1,0,0,1,1649,1059,24,1035,1,64.22
Lori,AM-LO,Գյուլագարակ,Կուրթան գյուղ,388,429,23,1,7,9,8,3,9,3,4,3,1,0,0,0,2,0,1406,900,10,890,1,64.01
Lori,AM-LO,Գյուլագարակ,Հոբարձի գյուղ,198,144,7,4,5,1,2,1,4,0,0,0,0,1,1,0,0,0,548,369,1,368,1,67.34
Lori,AM-LO,Գյուլագարակ,Պուշկինո գյուղ,96,92,16,15,1,3,2,1,3,0,2,0,0,0,0,0,0,0,341,231,0,231,1,67.74
Lori,AM-LO,Գյուլագարակ,Վարդաբլուր գյուղ,359,191,47,10,11,6,11,6,4,2,5,0,0,1,1,2,0,0,989,656,0,656,1,66.33
Lori,AM-LO,Թումանյան,Աթան գյուղ,90,24,4,3,1,0,1,0,0,0,1,0,1,0,0,0,0,0,204,130,5,125,1,63.73
Lori,AM-LO,Թումանյան,Ահնիձոր գյուղ,52,37,4,10,3,1,0,0,1,0,0,1,0,0,1,2,0,0,169,113,1,112,1,66.86
Lori,AM-LO,Թումանյան,Դսեղ գյուղ,721,289,30,73,5,7,12,4,12,8,15,2,2,5,1,0,1,1,1695,1197,9,1188,1,70.62
Lori,AM-LO,Թումանյան,Թումանյան քաղաք,337,227,35,28,4,4,6,3,4,6,7,1,0,3,0,0,0,0,1220,697,32,665,1,57.13
Lori,AM-LO,Թումանյան,Լորուտ գյուղ,235,55,5,27,2,1,6,0,4,1,0,0,3,0,0,0,0,0,596,341,2,339,1,57.21
Lori,AM-LO,Թումանյան,Մարց գյուղ,168,57,7,11,9,0,0,0,1,2,0,2,0,0,0,0,0,0,358,261,4,257,1,72.91
Lori,AM-LO,Թումանյան,Շամուտ գյուղ,95,25,5,5,1,0,0,0,1,1,0,0,0,0,0,0,0,0,208,136,3,133,1,65.38
Lori,AM-LO,Թումանյան,Չկալով գյուղ,29,1,1,55,0,0,1,0,0,3,0,0,0,0,0,0,0,0,119,91,1,90,1,76.47
Lori,AM-LO,Թումանյան,Քարինջ գյուղ,156,124,9,6,3,0,1,1,4,0,1,0,1,0,0,0,0,0,477,308,2,306,1,64.57
Lori,AM-LO,Լերմոնտովո,Անտառաշեն գյուղ,40,24,15,2,0,0,1,0,0,0,0,0,0,0,1,0,0,0,153,87,4,83,1,56.86
Lori,AM-LO,Լերմոնտովո,Լերմոնտովո գյուղ,44,88,24,10,2,2,3,0,1,0,1,0,0,1,0,0,0,0,532,179,2,176,1,33.65
Lori,AM-LO,Լոռի Բերդ,Ագարակ գյուղ,269,215,18,41,9,9,5,1,8,4,1,2,1,3,0,0,0,1,906,590,3,587,1,65.12
Lori,AM-LO,Լոռի Բերդ,Բովաձոր գյուղ,65,44,6,3,1,3,1,0,0,0,1,0,0,0,0,0,1,0,200,126,0,125,1,63.0
Lori,AM-LO,Լոռի Բերդ,Լեջան գյուղ,163,138,5,32,2,1,3,1,1,2,3,1,0,0,0,0,0,1,588,356,3,353,1,60.54
Lori,AM-LO,Լոռի Բերդ,Լոռի Բերդ գյուղ,124,66,21,1,2,0,2,1,1,1,1,0,1,0,0,0,0,0,332,223,2,221,1,67.17
Lori,AM-LO,Լոռի Բերդ,Կողես գյուղ,128,33,2,2,0,0,0,0,0,0,0,0,0,0,0,0,0,0,259,169,4,165,1,65.25
Lori,AM-LO,Լոռի Բերդ,Հովնանաձոր գյուղ,23,6,0,1,0,0,0,0,0,0,0,0,0,0,0,0,0,0,42,31,1,30,1,73.81
Lori,AM-LO,Լոռի Բերդ,Յաղդան գյուղ,79,32,2,1,0,0,2,1,1,0,0,0,0,0,1,0,0,0,205,125,6,119,1,60.98
Lori,AM-LO,Լոռի Բերդ,Ուռուտ գյուղ,252,180,5,9,3,1,5,3,3,1,3,2,3,1,0,0,3,1,765,479,4,475,1,62.61
Lori,AM-LO,Լոռի Բերդ,Սվերդլով գյուղ,404,88,7,2,1,2,2,3,3,3,1,0,0,1,0,0,0,0,766,520,3,517,1,67.89
Lori,AM-LO,Սպիտակ,Արեվաշող գյուղ,562,385,76,70,17,4,10,1,6,1,6,4,4,3,1,1,0,1,1946,1162,9,1152,2,59.71
Lori,AM-LO,Սպիտակ,Արջհովիտ գյուղ,48,93,35,9,1,4,1,1,0,2,0,0,0,0,0,0,0,0,333,198,4,194,1,59.46
Lori,AM-LO,Սպիտակ,Գեղասար գյուղ,165,77,11,35,6,3,1,2,0,1,1,0,1,0,0,0,0,0,542,307,4,303,1,56.64
Lori,AM-LO,Սպիտակ,Գոգարան գյուղ,283,54,13,32,5,0,3,3,1,5,3,0,2,0,1,0,0,0,846,407,2,405,1,48.11
Lori,AM-LO,Սպիտակ,Լեռնանցք գյուղ,317,171,25,20,8,1,8,1,5,1,2,2,4,2,0,0,0,0,1007,574,7,567,1,57.0
Lori,AM-LO,Սպիտակ,Լեռնավան գյուղ,362,108,16,7,9,4,5,3,2,1,0,1,0,0,1,1,0,0,1016,523,3,520,1,51.48
Lori,AM-LO,Սպիտակ,Լուսաղբյուր գյուղ,275,94,44,10,2,3,0,2,3,1,1,0,5,0,0,0,2,0,727,455,13,442,1,62.59
Lori,AM-LO,Սպիտակ,Խնկոյան գյուղ,103,22,4,1,1,0,1,0,0,1,5,0,0,0,0,0,0,0,214,139,1,138,1,64.95
Lori,AM-LO,Սպիտակ,Ծաղկաբեր գյուղ,335,49,37,0,4,3,8,1,2,0,4,1,4,0,0,0,0,0,896,462,14,448,1,51.56
Lori,AM-LO,Սպիտակ,Կաթնաջուր գյուղ,403,106,25,19,10,6,4,3,9,6,4,0,1,1,0,0,0,0,1214,599,2,597,1,49.34
Lori,AM-LO,Սպիտակ,Հարթագյուղ գյուղ,264,91,29,77,5,7,3,2,0,1,0,1,1,0,0,2,0,0,822,488,5,483,1,59.37
Lori,AM-LO,Սպիտակ,Մեծ Պարնի գյուղ,457,195,28,75,10,6,10,5,8,1,3,2,2,3,0,2,3,0,1460,820,10,810,1,56.16
Lori,AM-LO,Սպիտակ,Նոր Խաչակապ գյուղ,96,105,35,5,5,5,3,0,3,3,4,2,0,0,0,1,0,0,424,270,3,267,1,63.68
Lori,AM-LO,Սպիտակ,Շենավան գյուղ,107,46,10,11,2,3,2,1,1,7,0,1,3,2,0,1,0,0,309,200,3,197,1,64.72
Lori,AM-LO,Սպիտակ,"Շիրակամուտ
 գյուղ",572,177,42,20,16,19,5,5,7,2,5,0,2,5,0,1,0,1,1511,889,3,879,1,58.84
Lori,AM-LO,Սպիտակ,Ջրաշեն գյուղ,822,427,71,47,23,0,19,2,7,2,1,0,3,13,0,0,2,2,2488,1455,14,1441,2,58.48
Lori,AM-LO,Սպիտակ,Սարալանջ գյուղ,39,20,4,4,1,0,3,0,0,0,1,0,0,0,0,1,1,0,147,77,3,74,1,52.38
Lori,AM-LO,Սպիտակ,Սարահարթ գյուղ,246,168,56,43,5,10,5,2,0,5,5,0,1,2,0,0,0,0,926,558,10,548,1,60.26
Lori,AM-LO,Սպիտակ,Սարամեջ գյուղ,284,219,20,22,2,7,4,3,0,1,0,5,1,0,0,0,0,0,1009,573,5,568,1,56.79
Lori,AM-LO,Սպիտակ,Սպիտակ քաղաք,3267,2031,700,276,87,74,98,47,74,48,28,43,33,13,3,4,6,7,12095,6923,83,6839,9,57.24
Lori,AM-LO,Սպիտակ,Քարաձոր գյուղ,94,63,10,10,0,4,1,0,0,0,0,1,0,1,0,1,0,0,299,187,1,185,1,62.54
Lori,AM-LO,Ստեփանավան,Արմանիս գյուղ,92,86,3,1,0,2,0,0,1,0,0,0,0,0,0,0,0,0,291,186,1,185,1,63.92
Lori,AM-LO,Ստեփանավան,Կաթնաղբյուր գյուղ,224,146,1,0,1,0,1,0,0,0,2,0,0,0,0,0,0,0,583,377,2,375,1,64.67
Lori,AM-LO,Ստեփանավան,Ուրասար գյուղ,121,47,2,4,3,0,0,0,1,4,2,1,0,0,0,0,0,0,275,187,2,185,1,68.0
Lori,AM-LO,Ստեփանավան,Ստեփանավան քաղաք,2764,2928,324,208,69,124,80,72,69,27,17,13,21,15,8,9,5,6,11935,6831,70,6759,10,57.24
Lori,AM-LO,Վանաձոր,Գուգարք գյուղ,1252,563,106,94,39,36,29,25,22,9,20,7,13,4,0,6,2,13,4029,2261,21,2240,3,56.12
Lori,AM-LO,Վանաձոր,Դարպաս գյուղ,470,222,27,38,9,12,10,6,6,5,13,1,5,1,0,0,1,1,1421,840,13,827,1,59.11
Lori,AM-LO,Վանաձոր,Շահումյան գյուղ,504,250,54,38,22,21,11,10,12,13,11,1,3,2,1,1,2,1,1690,967,10,957,1,57.22
Lori,AM-LO,Վանաձոր,Վանաձոր քաղաք,24578,13563,2982,1414,1129,1037,887,659,649,531,731,154,195,247,105,93,47,40,86735,49701,660,49041,59,57.3
Lori,AM-LO,Տաշիր,Ապավեն գյուղ,8,41,2,0,0,0,1,0,0,0,0,0,0,0,0,0,0,0,106,54,2,52,1,50.94
Lori,AM-LO,Տաշիր,Արծնի գյուղ,29,103,5,2,0,0,0,0,0,0,0,0,0,0,0,0,0,0,288,141,2,139,1,48.96
Lori,AM-LO,Տաշիր,Բլագոդարնոյե գյուղ,47,87,0,0,0,0,0,0,0,0,1,0,1,0,0,0,0,0,194,136,0,136,1,70.1
Lori,AM-LO,Տաշիր,Դաշտադեմ գյուղ,27,35,2,1,0,0,0,0,0,0,0,0,0,0,0,0,0,0,142,65,0,65,1,45.77
Lori,AM-LO,Տաշիր,Լեռնահովիտ գյուղ,8,744,0,0,0,1,0,0,1,0,0,0,0,0,0,0,0,0,1026,757,3,754,1,73.78
Lori,AM-LO,Տաշիր,Կաթնառատ գյուղ,259,160,0,0,1,2,4,0,0,4,0,0,0,0,0,0,0,0,683,430,0,430,1,62.96
Lori,AM-LO,Տաշիր,Ձյունաշող գյուղ,9,58,7,1,0,0,0,0,0,0,0,0,0,0,0,0,0,0,120,75,0,75,1,62.5
Lori,AM-LO,Տաշիր,Ձորամուտ գյուղ,78,120,8,1,0,2,1,0,3,0,1,0,0,1,0,0,0,1,423,217,1,216,1,51.3
Lori,AM-LO,Տաշիր,Մեդովկա գյուղ,32,179,1,0,0,0,0,0,0,0,0,0,0,0,0,0,0,0,333,216,4,212,1,64.86
Lori,AM-LO,Տաշիր,Մեծավան գյուղ,495,1414,11,10,5,9,7,8,6,3,4,1,1,1,0,0,1,0,3705,1999,22,1976,3,53.95
Lori,AM-LO,Տաշիր,Մեղվահովիտ գյուղ,10,35,6,0,0,0,0,0,0,0,0,0,0,0,0,0,0,0,89,52,1,51,1,58.43
Lori,AM-LO,Տաշիր,Միխայելովկա գյուղ,74,171,14,0,0,0,0,0,0,0,0,0,1,0,0,0,0,0,530,261,1,260,1,49.25
Lori,AM-LO,Տաշիր,Նովոսելցովո գյուղ,20,69,1,1,0,1,0,0,0,0,0,0,0,0,0,0,0,0,132,92,0,92,1,69.7
Lori,AM-LO,Տաշիր,Նորաշեն գյուղ,162,355,7,1,10,3,2,0,3,0,0,0,1,0,1,0,0,0,961,551,6,545,1,57.34
Lori,AM-LO,Տաշիր,Պաղաղբյուր գյուղ,26,24,1,0,0,0,0,0,1,1,0,0,0,0,0,0,0,0,75,53,0,53,1,70.67
Lori,AM-LO,Տաշիր,Պետրովկա գյուղ,38,65,6,0,3,0,0,0,0,0,0,0,0,0,0,0,0,0,201,114,2,112,1,56.72
Lori,AM-LO,Տաշիր,Պրիվոլնոյե գյուղ,105,242,11,8,1,1,3,1,1,0,2,0,0,0,0,1,0,0,636,380,4,376,1,59.75
Lori,AM-LO,Տաշիր,Սարատովկա գյուղ,72,114,1,0,1,1,3,0,0,1,0,1,0,0,0,0,0,1,337,199,3,195,1,59.05
Lori,AM-LO,Տաշիր,Սարչապետ գյուղ,147,468,14,6,1,5,4,1,0,0,2,1,1,1,0,0,0,0,1318,654,3,651,1,49.62
Lori,AM-LO,Տաշիր,Տաշիր քաղաք,854,3607,37,11,12,20,17,11,18,10,8,5,3,7,1,1,0,2,7788,4664,39,4624,6,59.89
Lori,AM-LO,Փամբակ,Ազնվաձոր գյուղ,50,72,14,8,1,1,4,0,2,0,0,0,0,0,0,0,0,0,315,153,1,152,1,48.57
Lori,AM-LO,Փամբակ,Անտառամուտ գյուղ,116,39,2,9,3,2,1,0,1,2,0,0,0,0,0,0,0,0,240,175,0,175,1,72.92
Lori,AM-LO,Փամբակ,Արջուտ գյուղ,211,128,14,44,4,6,7,4,1,1,5,1,0,2,1,2,0,0,706,434,3,431,1,61.47
Lori,AM-LO,Փամբակ,Բազում գյուղ,457,157,36,11,15,4,16,7,8,6,6,1,0,9,5,0,2,1,1259,751,10,741,1,59.65
Lori,AM-LO,Փամբակ,Դեբետ գյուղ,227,75,24,55,12,1,7,1,3,0,6,1,2,1,1,2,0,0,650,424,6,418,1,65.23
Lori,AM-LO,Փամբակ,Եղեգնուտ գյուղ,255,61,12,25,8,0,6,2,2,7,0,2,2,0,0,0,0,1,625,383,0,383,1,61.28
Lori,AM-LO,Փամբակ,Լեռնապատ գյուղ,470,167,18,84,12,1,9,4,6,3,0,2,3,2,1,0,0,1,1419,792,8,783,1,55.81
Lori,AM-LO,Փամբակ,"Լեռնաջուր
 գյուղ",27,10,6,0,0,1,0,0,0,0,0,0,0,1,1,0,0,0,104,47,1,46,1,45.19
Lori,AM-LO,Փամբակ,Ձորագետ գյուղ,36,53,3,2,10,0,0,2,4,1,1,0,0,0,0,0,0,0,191,113,1,112,1,59.16
Lori,AM-LO,Փամբակ,Ձորագյուղ գյուղ,126,16,4,1,2,0,0,0,2,2,2,0,2,0,1,0,0,0,254,160,2,158,1,62.99
Lori,AM-LO,Փամբակ,Մարգահովիտ գյուղ,1009,124,33,97,18,19,23,6,16,8,6,0,2,2,1,0,1,1,2487,1382,15,1366,2,55.57
Lori,AM-LO,Փամբակ,Վահագնաձոր գյուղ,61,58,15,16,3,1,0,0,2,1,2,0,1,0,0,0,0,1,245,165,4,161,1,67.35
Lori,AM-LO,Փամբակ,Վահագնի գյուղ,319,100,8,23,13,8,5,6,5,4,6,1,0,0,0,0,0,1,771,504,5,499,1,65.37
Lori,AM-LO,Փամբակ,Փամբակ գյուղ,215,109,27,26,2,9,2,7,10,7,1,0,1,2,2,1,1,1,499,423,0,423,1,84.77
Lori,AM-LO,Փամբակ,Քարաբերդ գյուղ,26,8,4,1,0,0,0,0,0,0,1,1,0,0,0,0,0,0,62,42,1,41,1,67.74
Lori,AM-LO,Ֆիոլետովո,nan,17,71,7,47,1,0,0,0,0,0,0,1,0,0,0,0,0,0,804,144,0,144,1,17.91
Shirak,AM-SH,Ախուրյան,Ազատան գյուղ,1298,513,59,76,22,14,24,3,12,7,10,11,2,7,1,2,3,2,3803,2100,34,2066,2,55.22
Shirak,AM-SH,Ախուրյան,Ախուրիկ գյուղ,321,32,23,12,5,5,3,1,3,0,0,1,0,3,5,0,0,1,771,419,4,415,1,54.35
Shirak,AM-SH,Ախուրյան,Ախուրյան գյուղ,2251,741,186,173,36,51,46,20,29,20,5,10,27,6,3,4,0,1,6326,3640,37,3609,5,57.54
Shirak,AM-SH,Ախուրյան,Այգաբաց գյուղ,321,56,9,13,4,4,2,2,1,3,3,0,1,0,0,0,0,1,566,424,4,420,1,74.91
Shirak,AM-SH,Ախուրյան,Առափի գյուղ,464,142,27,20,5,8,8,3,5,4,3,1,0,0,3,1,1,1,1155,703,7,696,1,60.87
Shirak,AM-SH,Ախուրյան,Արեվիկ գյուղ,443,240,25,24,2,5,5,2,8,4,1,1,2,1,5,2,0,1,1220,776,5,771,1,63.61
Shirak,AM-SH,Ախուրյան,Բայանդուր գյուղ,236,65,13,6,6,5,3,2,3,0,0,2,1,0,0,0,0,1,495,347,4,343,1,70.1
Shirak,AM-SH,Ախուրյան,Բասեն (Ախուրյան) գյուղ,386,115,26,36,10,2,4,6,10,2,0,0,0,3,0,0,2,0,1158,614,12,602,1,53.02
Shirak,AM-SH,Ախուրյան,Բենիամին գյուղ,153,57,40,28,16,2,6,1,3,2,1,4,0,0,0,0,0,0,536,316,2,313,1,58.96
Shirak,AM-SH,Ախուրյան,Գետք գյուղ,184,95,4,11,5,1,2,3,3,1,0,1,1,3,0,0,0,0,454,323,9,314,1,71.15
Shirak,AM-SH,Ախուրյան,Երազգավորս գյուղ,443,180,25,23,10,7,5,3,4,6,1,3,1,1,0,0,3,1,1076,722,6,716,1,67.1
Shirak,AM-SH,Ախուրյան,Լեռնուտ գյուղ,49,14,4,4,1,0,0,0,0,1,0,0,1,0,0,0,0,0,104,75,1,74,1,72.12
Shirak,AM-SH,Ախուրյան,Կամո գյուղ,333,168,36,51,4,5,4,4,3,3,3,4,3,6,3,0,0,0,1041,633,3,630,1,60.81
Shirak,AM-SH,Ախուրյան,Կապս գյուղ,160,75,12,9,2,2,10,0,0,1,0,1,0,1,0,0,1,0,498,278,4,274,1,55.82
Shirak,AM-SH,Ախուրյան,Կառնուտ գյուղ,273,27,25,8,4,1,13,3,3,0,0,13,1,0,0,0,0,0,717,379,8,371,1,52.86
Shirak,AM-SH,Ախուրյան,Կարմրաքար գյուղ,27,1,2,1,0,0,0,0,0,0,0,0,0,0,0,0,0,0,40,31,0,31,1,77.5
Shirak,AM-SH,Ախուրյան,Կրաշեն գյուղ,60,25,16,13,4,0,1,0,0,0,0,0,0,0,0,0,0,0,196,120,1,119,1,61.22
Shirak,AM-SH,Ախուրյան,Հայկավան գյուղ,331,100,34,37,5,2,10,1,4,2,3,0,1,2,0,0,0,0,924,534,2,532,1,57.79
Shirak,AM-SH,Ախուրյան,Հացիկ գյուղ,365,41,29,4,1,8,5,2,3,1,0,0,1,2,0,2,1,0,753,467,2,465,1,62.02
Shirak,AM-SH,Ախուրյան,Հովիտ գյուղ,164,35,6,7,0,1,18,1,0,0,0,0,1,0,0,0,0,0,391,236,3,233,1,60.36
Shirak,AM-SH,Ախուրյան,Հովունի գյուղ,202,49,7,8,2,2,0,0,3,2,0,1,1,0,0,0,0,0,480,280,3,277,1,58.33
Shirak,AM-SH,Ախուրյան,Ղարիբջանյան գյուղ,257,133,14,12,7,0,4,3,3,1,2,4,0,1,0,0,1,0,710,450,8,442,1,63.38
Shirak,AM-SH,Ախուրյան,Մայիսյան գյուղ,458,139,36,26,12,5,8,4,3,6,6,2,3,2,0,1,0,3,1231,720,6,714,1,58.49
Shirak,AM-SH,Ախուրյան,Մարմաշեն գյուղ,455,158,22,25,6,3,10,3,4,13,2,2,2,1,0,1,1,0,1296,713,5,708,1,55.02
Shirak,AM-SH,Ախուրյան,Մեծ Սարիար գյուղ,133,17,3,21,1,2,4,1,4,0,0,0,0,0,0,0,0,0,286,187,1,186,1,65.38
Shirak,AM-SH,Ախուրյան,Շիրակ գյուղ,327,50,17,21,6,0,6,2,0,0,1,1,0,2,0,2,0,0,746,441,6,435,1,59.12
Shirak,AM-SH,Ախուրյան,Ոսկեհասկ գյուղ,455,100,73,10,8,6,10,3,3,2,5,2,0,0,0,1,0,0,1310,682,4,678,1,52.06
Shirak,AM-SH,Ախուրյան,Ջաջուռ գյուղ,190,43,18,57,3,1,9,2,6,0,1,0,0,0,0,0,0,1,545,335,4,331,1,61.47
Shirak,AM-SH,Ախուրյան,Ջաջուռավան գյուղ,57,19,4,1,0,4,1,0,1,0,0,0,1,0,0,0,0,0,137,88,0,88,1,64.23
Shirak,AM-SH,Ախուրյան,Ջրառատ գյուղ,324,35,21,11,7,2,3,1,3,1,1,0,1,0,0,1,0,1,713,415,3,412,1,58.2
Shirak,AM-SH,Ախուրյան,Վահրամաբերդ գյուղ,327,139,33,33,2,5,1,5,6,2,3,1,4,2,1,0,0,1,1015,568,3,565,1,55.96
Shirak,AM-SH,Ախուրյան,Փոքրաշեն գյուղ,75,12,2,3,1,1,2,0,1,0,0,0,0,0,0,0,0,0,166,97,0,97,1,58.43
Shirak,AM-SH,Ախուրյան,Քեթի գյուղ,243,95,20,8,9,1,4,3,1,0,1,0,0,1,0,0,0,0,713,391,5,386,1,54.84
Shirak,AM-SH,Ամասիա,Ալվար գյուղ,30,27,2,0,0,1,0,0,0,0,0,0,0,0,0,0,0,4,198,64,0,64,1,32.32
Shirak,AM-SH,Ամասիա,Աղվորիկ գյուղ,39,3,4,0,0,0,0,0,0,0,0,0,0,0,0,0,0,0,116,46,0,46,1,39.66
Shirak,AM-SH,Ամասիա,Ամասիա գյուղ,412,248,110,27,8,5,6,2,3,0,1,2,1,0,0,0,0,1,1357,833,7,826,1,61.39
Shirak,AM-SH,Ամասիա,Արդենիս գյուղ,98,13,8,1,0,0,0,1,2,1,0,0,0,1,0,0,0,0,240,127,2,125,1,52.92
Shirak,AM-SH,Ամասիա,Արեգնադեմ գյուղ,114,29,11,10,1,0,0,0,1,0,0,0,0,0,0,0,0,0,364,169,3,166,1,46.43
Shirak,AM-SH,Ամասիա,Բանդիվան գյուղ,74,27,51,2,2,0,1,1,0,0,1,0,0,0,0,1,0,0,201,163,3,160,1,81.09
Shirak,AM-SH,Ամասիա,Բերդաշեն գյուղ,87,30,5,6,3,0,1,0,0,0,0,1,0,0,1,0,0,0,263,138,4,134,1,52.47
Shirak,AM-SH,Ամասիա,Բյուրակն գյուղ,149,48,9,18,2,3,2,2,3,1,1,0,0,0,0,0,0,0,572,242,4,238,1,42.31
Shirak,AM-SH,Ամասիա,Գառնառիճ գյուղ,82,13,5,5,4,1,2,3,1,0,0,0,0,0,0,0,1,0,232,119,2,117,1,51.29
Shirak,AM-SH,Ամասիա,Գտաշեն  գյուղ,91,39,12,7,0,4,0,2,1,1,0,0,0,0,0,0,0,1,378,161,3,158,1,42.59
Shirak,AM-SH,Ամասիա,Զարիշատ գյուղ,21,24,9,1,2,0,0,0,1,0,0,0,0,0,0,0,0,0,93,61,0,58,1,65.59
Shirak,AM-SH,Ամասիա,Զորակերտ գյուղ,41,11,3,2,0,0,0,0,0,0,2,0,0,0,0,1,0,0,164,61,1,60,1,37.2
Shirak,AM-SH,Ամասիա,Ծաղկուտ գյուղ,66,16,12,7,0,0,1,2,2,0,1,0,0,1,0,0,0,0,220,108,0,108,1,49.09
Shirak,AM-SH,Ամասիա,Հողմիկ գյուղ,57,116,27,7,0,0,0,0,2,1,0,1,0,0,0,0,0,0,342,212,1,211,1,61.99
Shirak,AM-SH,Ամասիա,Հովտուն  գյուղ,59,27,6,1,0,2,0,1,0,0,0,2,0,0,0,0,0,0,142,102,4,98,1,71.83
Shirak,AM-SH,Ամասիա,Մեղրաշատ  գյուղ,89,40,9,2,2,0,5,0,0,1,0,0,0,0,0,2,0,0,267,153,3,150,1,57.3
Shirak,AM-SH,Ամասիա,Շաղիկ գյուղ,22,4,4,2,0,0,0,0,0,0,0,0,0,0,0,0,0,0,70,32,0,32,1,45.71
Shirak,AM-SH,Ամասիա,Ողջի  գյուղ,115,29,15,11,3,0,3,2,1,0,1,0,0,0,0,0,0,0,363,181,1,180,1,49.86
Shirak,AM-SH,Ամասիա,Ջրաձոր  գյուղ,100,44,15,1,0,4,2,0,0,0,0,1,0,0,0,0,0,0,260,167,0,167,1,64.23
Shirak,AM-SH,Անի,Աղին գյուղ,188,37,13,1,2,0,0,0,3,1,0,2,0,0,0,0,0,0,382,250,3,247,1,65.45
Shirak,AM-SH,Անի,Անիավան գյուղ,97,29,9,2,4,0,1,0,0,0,0,0,3,1,0,0,0,0,266,149,3,146,1,56.02
Shirak,AM-SH,Անի,Անիպեմզա գյուղ,109,25,8,18,0,0,4,0,0,0,0,0,0,0,0,0,0,0,283,166,2,164,1,58.66
Shirak,AM-SH,Անի,Բագրավան գյուղ,227,44,16,5,2,1,5,1,1,0,4,2,0,0,2,3,0,0,559,317,4,313,1,56.71
Shirak,AM-SH,Անի,Գուսանագյուղ գյուղ,315,36,15,10,3,0,2,1,0,5,2,1,0,0,2,0,0,0,617,405,13,392,1,65.64
Shirak,AM-SH,Անի,Իսահակյան գյուղ,296,86,37,19,6,3,1,3,7,1,0,0,0,0,1,1,0,1,716,469,7,462,1,65.5
Shirak,AM-SH,Անի,Լանջիկ գյուղ,195,118,46,30,3,0,9,2,5,2,0,0,0,0,0,0,0,0,671,413,3,410,1,61.55
Shirak,AM-SH,Անի,Լուսաղբյուր գյուղ,186,32,14,1,1,1,5,1,0,2,0,1,0,0,0,0,0,2,439,247,1,246,1,56.26
Shirak,AM-SH,Անի,Հայկաձոր գյուղ,125,58,21,16,1,1,5,0,0,0,1,0,0,0,0,0,0,0,345,231,3,228,1,66.96
Shirak,AM-SH,Անի,Ձիթհանքով գյուղ,414,104,34,18,6,7,9,3,9,3,1,3,0,0,0,0,0,0,1014,617,6,611,1,60.85
Shirak,AM-SH,Անի,Ձորակապ գյուղ,334,93,18,15,1,9,4,7,1,5,2,12,3,3,1,1,0,0,880,513,4,509,1,58.3
Shirak,AM-SH,Անի,Մարալիկ  քաղաք,1420,829,254,119,42,29,46,29,29,11,6,8,2,10,9,2,1,2,4910,2901,55,2848,3,59.08
Shirak,AM-SH,Անի,Շիրակավան գյուղ,228,59,20,16,3,3,3,1,3,11,2,0,0,0,0,1,0,1,559,357,6,351,1,63.86
Shirak,AM-SH,Անի,Ջրափի գյուղ,226,55,12,11,2,0,3,2,1,3,1,1,0,0,0,0,1,0,578,320,2,318,1,55.36
Shirak,AM-SH,Անի,Սառնաղբյուր գյուղ,747,525,49,68,7,13,20,10,23,10,8,4,1,4,1,0,2,2,2521,1507,13,1494,2,59.78
Shirak,AM-SH,Անի,Սարակապ գյուղ,205,50,14,4,0,1,0,0,0,0,0,4,0,0,0,1,0,0,434,284,5,279,1,65.44
Shirak,AM-SH,Անի,Քարաբերդ գյուղ,288,117,16,9,12,2,0,1,4,2,1,0,0,1,0,0,0,0,790,456,3,453,1,57.72
Shirak,AM-SH,Աշոցք,Աշոցք գյուղ,565,219,94,92,14,8,8,6,13,3,2,4,2,8,9,0,0,0,2419,1058,11,1047,2,43.74
Shirak,AM-SH,Աշոցք,Արփենի գյուղ,93,19,6,0,1,0,1,0,0,0,0,0,0,0,0,1,0,0,235,122,1,121,1,51.91
Shirak,AM-SH,Աշոցք,Բաշգյուղ գյուղ,25,8,0,0,0,0,1,0,0,0,0,0,0,0,0,0,0,0,53,34,0,34,1,64.15
Shirak,AM-SH,Աշոցք,Բավրա գյուղ,158,43,21,13,7,1,5,2,5,2,3,0,3,0,3,2,0,1,735,278,9,269,1,37.82
Shirak,AM-SH,Աշոցք,Գոգհովիտ գյուղ,53,35,11,93,2,0,1,0,2,0,1,0,0,1,1,0,0,0,273,202,2,200,1,73.99
Shirak,AM-SH,Աշոցք,Զույգաղբյուր գյուղ,144,32,7,19,2,1,1,1,2,4,0,0,0,0,0,0,0,0,664,215,2,213,1,32.38
Shirak,AM-SH,Աշոցք,Թավշուտ գյուղ,102,26,41,2,2,1,0,0,1,0,0,0,1,0,1,1,0,0,324,178,0,178,1,54.94
Shirak,AM-SH,Աշոցք,Թորոսգյուղ գյուղ,82,47,13,18,1,0,2,3,1,0,0,1,0,0,0,0,0,1,258,170,1,169,1,65.89
Shirak,AM-SH,Աշոցք,Լեռնագյուղ գյուղ,11,0,2,0,0,0,0,0,0,0,0,0,0,0,0,0,0,0,23,14,1,13,1,60.87
Shirak,AM-SH,Աշոցք,Կարմրավան գյուղ,73,20,16,12,1,0,0,0,1,5,0,0,0,0,0,0,0,0,222,134,6,128,1,60.36
Shirak,AM-SH,Աշոցք,Կաքավասար գյուղ,41,4,4,8,1,0,1,0,0,0,0,0,2,0,0,0,0,0,109,61,0,61,1,55.96
Shirak,AM-SH,Աշոցք,Կրասար գյուղ,135,32,5,12,4,4,2,3,4,4,0,0,0,0,0,0,0,0,359,208,3,205,1,57.94
Shirak,AM-SH,Աշոցք,Հարթաշեն գյուղ,84,7,1,2,0,1,0,0,0,0,0,0,0,0,0,0,0,0,116,96,1,95,1,82.76
Shirak,AM-SH,Աշոցք,Ձորաշեն գյուղ,39,6,6,3,0,0,1,0,0,0,0,0,0,0,0,0,0,0,125,56,1,55,1,44.8
Shirak,AM-SH,Աշոցք,Ղազանչի գյուղ,154,45,17,18,2,0,2,0,1,0,0,0,1,0,0,0,0,0,543,244,4,240,1,44.94
Shirak,AM-SH,Աշոցք,Մեծ Սեպասար գյուղ,237,87,13,6,8,1,4,2,3,0,2,0,0,0,0,1,2,0,682,369,3,366,1,54.11
Shirak,AM-SH,Աշոցք,Մուսայելյան (Աշոցք) գյուղ,120,20,14,16,3,1,2,3,3,0,2,0,0,0,0,0,0,0,302,187,3,184,1,61.92
Shirak,AM-SH,Աշոցք,Սալուտ գյուղ,58,4,2,3,0,0,0,0,0,0,0,0,0,0,0,0,0,0,89,67,0,67,1,75.28
Shirak,AM-SH,Աշոցք,Սարագյուղ գյուղ,58,28,16,8,2,0,1,1,1,0,2,0,0,0,1,1,0,0,199,119,0,119,1,59.8
Shirak,AM-SH,Աշոցք,Սարապատ գյուղ,26,9,13,5,0,0,1,0,0,0,2,0,0,0,0,0,0,0,87,58,2,56,1,66.67
Shirak,AM-SH,Աշոցք,Սիզավետ գյուղ,144,40,3,1,0,2,1,0,0,7,3,1,0,0,0,0,0,0,321,202,0,202,1,62.93
Shirak,AM-SH,Աշոցք,Վարդաղբյուր գյուղ,50,3,1,3,1,1,1,0,0,0,0,0,0,0,0,0,0,0,92,62,2,60,1,67.39
Shirak,AM-SH,Աշոցք,Ցողամարգ  գյուղ,213,48,12,23,1,5,0,2,4,1,0,0,0,0,0,0,0,0,441,315,6,309,1,71.43
Shirak,AM-SH,Աշոցք,Փոքր Սարիար գյուղ,68,17,14,6,0,0,0,0,0,0,0,3,0,0,0,0,0,0,167,109,1,108,1,65.27
Shirak,AM-SH,Աշոցք,Փոքր Սեպասար գյուղ,67,32,29,0,1,3,1,0,0,1,0,0,0,0,0,0,2,0,195,137,1,136,1,70.26
Shirak,AM-SH,Արթիկ,Անուշավան գյուղ,615,131,27,39,10,8,11,4,9,4,1,11,12,4,1,0,1,0,1523,891,3,888,1,58.5
Shirak,AM-SH,Արթիկ,Արեվշատ գյուղ,285,90,37,12,6,7,7,3,1,2,3,398,3,1,0,0,0,0,1302,866,11,855,1,66.51
Shirak,AM-SH,Արթիկ,Արթիկ քաղաք,4809,1967,709,124,91,140,128,54,86,202,18,113,19,29,14,11,11,4,14221,8602,72,8529,9,60.49
Shirak,AM-SH,Արթիկ,Գեղանիստ գյուղ,333,136,44,7,8,9,11,2,5,2,1,28,1,3,0,0,0,0,901,593,3,590,1,65.82
Shirak,AM-SH,Արթիկ,Գետափ գյուղ,276,38,75,11,5,1,1,0,1,1,0,13,2,1,0,0,0,1,606,430,4,426,1,70.96
Shirak,AM-SH,Արթիկ,Լեռնակերտ գյուղ,409,117,30,13,4,7,8,0,1,1,1,3,2,0,0,2,0,0,975,611,13,598,1,62.67
Shirak,AM-SH,Արթիկ,Լուսակերտ գյուղ,203,60,46,5,4,0,4,2,2,0,2,2,0,0,0,0,0,0,473,333,3,330,1,70.4
Shirak,AM-SH,Արթիկ,Հայկասար գյուղ,70,11,4,1,0,1,0,0,2,0,1,0,0,0,0,0,0,0,138,91,1,90,1,65.94
Shirak,AM-SH,Արթիկ,Հայրենյաց գյուղ,145,123,37,5,3,1,1,1,1,3,0,0,2,0,1,0,0,0,566,323,0,323,1,57.07
Shirak,AM-SH,Արթիկ,Հառիճ գյուղ,345,196,23,34,4,4,3,2,3,4,2,1,1,0,2,1,0,0,930,631,6,625,2,67.85
Shirak,AM-SH,Արթիկ,Հոռոմ գյուղ,616,197,39,6,14,3,7,3,6,8,1,9,0,2,22,1,0,0,1527,940,6,934,1,61.56
Shirak,AM-SH,Արթիկ,Հովտաշեն գյուղ,80,10,22,0,0,2,4,0,0,0,1,51,0,0,0,0,0,0,258,171,1,170,1,66.28
Shirak,AM-SH,Արթիկ,Մեծ  Մանթաշ գյուղ,728,151,30,14,14,11,9,2,10,6,5,5,0,4,1,0,2,1,1613,1002,9,993,1,62.12
Shirak,AM-SH,Արթիկ,Մեղրաշեն գյուղ,301,71,47,74,9,2,8,2,4,5,2,6,2,0,0,0,0,0,917,541,8,533,1,59.0
Shirak,AM-SH,Արթիկ,Նահապետավան գյուղ,211,78,11,1,2,7,6,2,1,2,0,2,0,0,0,0,0,0,582,329,6,323,1,56.53
Shirak,AM-SH,Արթիկ,Նոր կյանք գյուղ,391,161,19,4,6,4,10,4,7,16,4,91,1,1,0,0,0,0,1099,722,4,719,1,65.7
Shirak,AM-SH,Արթիկ,Պեմզաշեն գյուղ,1125,91,57,3,5,5,9,2,1,6,5,4,5,4,1,0,0,0,2126,1337,14,1323,2,62.89
Shirak,AM-SH,Արթիկ,Սարալանջ գյուղ,488,27,6,1,3,1,6,1,1,12,0,2,0,0,0,1,0,0,768,553,4,549,1,72.01
Shirak,AM-SH,Արթիկ,Սարատակ գյուղ,467,59,58,11,2,6,2,2,1,4,4,1,17,1,0,1,0,0,962,638,3,636,1,66.32
Shirak,AM-SH,Արթիկ,Սպանդարյան գյուղ,389,91,49,11,12,7,5,9,8,8,7,76,4,3,2,0,0,0,1148,694,12,681,1,60.45
Shirak,AM-SH,Արթիկ,Վարդաքար գյուղ,162,38,27,8,1,5,5,0,3,0,0,7,5,0,0,1,0,0,488,262,0,262,1,53.69
Shirak,AM-SH,Արթիկ,Տուֆաշեն գյուղ,145,18,10,5,1,1,4,3,3,1,0,0,0,1,0,0,0,0,308,193,1,192,1,62.66
Shirak,AM-SH,Արթիկ,Փանիկ գյուղ,781,253,40,27,15,17,16,15,8,7,6,8,4,1,0,3,19,0,2085,1235,15,1220,2,59.23
Shirak,AM-SH,Արթիկ,Փոքր Մանթաշ գյուղ,513,163,63,63,4,1,6,5,6,7,2,9,9,1,0,0,1,0,1609,864,11,853,1,53.7
Shirak,AM-SH,Գյումրի,nan,28053,14761,4523,2234,847,1025,946,519,849,413,291,204,257,277,95,90,54,59,108356,56453,941,55497,82,52.1
Syunik,AM-SU,Գորիս,Ակներ գյուղ,357,114,24,20,10,6,6,3,4,1,4,1,1,0,0,0,0,0,818,558,7,551,1,68.22
Syunik,AM-SU,Գորիս,Բարձրավան գյուղ,48,32,3,1,2,0,1,0,0,0,0,0,0,2,0,0,1,0,113,92,2,90,1,81.42
Syunik,AM-SU,Գորիս,Գորիս քաղաք,4601,2736,896,396,207,181,147,109,148,68,79,27,29,44,3,9,10,15,16057,9836,124,9705,10,61.26
Syunik,AM-SU,Գորիս,Խնձորեսկ գյուղ,570,281,114,48,40,12,8,18,11,1,134,1,7,1,1,0,1,5,1897,1262,8,1253,1,66.53
Syunik,AM-SU,Գորիս,Հարթաշեն գյուղ,274,64,24,21,37,2,4,3,4,6,9,1,0,1,1,2,1,3,621,466,9,457,1,75.04
Syunik,AM-SU,Գորիս,Ներքին Խնձորեսկ գյուղ,61,49,21,8,3,0,0,0,2,0,64,2,0,0,0,0,0,0,251,211,1,210,1,84.06
Syunik,AM-SU,Գորիս,Շուռնուխ գյուղ,80,29,14,5,4,2,0,3,2,0,0,0,0,0,0,0,0,0,211,146,7,139,1,69.19
Syunik,AM-SU,Գորիս,Որոտան (Գորիս) գյուղ,123,44,21,9,2,1,3,1,2,1,1,2,0,0,0,0,0,0,281,211,1,210,1,75.09
Syunik,AM-SU,Գորիս,Վերիշեն գյուղ,514,199,137,24,34,32,17,0,6,7,2,3,7,2,0,0,0,1,1530,1000,14,985,1,65.36
Syunik,AM-SU,Գորիս,Քարահունջ գյուղ,353,109,150,38,16,5,12,2,6,3,0,3,0,0,0,1,0,0,1082,705,7,698,1,65.16
Syunik,AM-SU,Կապան,Ագարակ գյուղ,93,30,11,6,34,0,2,1,2,0,2,0,0,0,0,1,1,0,230,183,0,183,1,79.57
Syunik,AM-SU,Կապան,Աղվանի գյուղ,15,15,2,1,8,0,0,0,0,0,0,0,0,0,0,0,0,0,52,41,0,41,1,78.85
Syunik,AM-SU,Կապան,Աճանան գյուղ,58,29,24,4,57,7,1,0,2,0,3,0,0,0,0,0,0,0,225,186,1,185,1,82.67
Syunik,AM-SU,Կապան,Անտառաշատ գյուղ,27,6,10,6,33,0,0,0,0,0,0,0,0,0,0,0,0,0,107,83,1,82,1,77.57
Syunik,AM-SU,Կապան,Առաջաձոր գյուղ,35,7,11,0,21,2,0,0,1,0,0,0,0,0,0,0,0,0,94,78,1,77,1,82.98
Syunik,AM-SU,Կապան,Արծվանիկ գյուղ,221,45,46,8,240,4,1,2,4,2,0,0,0,4,0,1,1,2,754,584,3,581,1,77.45
Syunik,AM-SU,Կապան,Գեղանուշ գյուղ,105,37,15,9,60,5,0,2,2,0,0,0,0,0,1,0,0,0,350,239,3,236,1,68.29
Syunik,AM-SU,Կապան,Դավիթ Բեկ գյուղ,238,121,35,23,75,5,3,8,7,3,3,3,1,67,0,3,1,0,864,608,12,596,1,70.37
Syunik,AM-SU,Կապան,Եղեգ գյուղ,20,6,6,2,11,0,1,1,0,0,0,0,0,0,0,0,0,0,72,47,0,47,1,65.28
Syunik,AM-SU,Կապան,Եղվարդ գյուղ,139,42,21,13,26,1,2,2,6,3,2,0,1,0,0,0,0,0,321,260,2,258,1,81.0
Syunik,AM-SU,Կապան,Խդրանց գյուղ,31,5,2,3,13,0,0,0,0,0,0,0,0,0,0,0,0,0,72,56,2,54,1,77.78
Syunik,AM-SU,Կապան,Ծավ գյուղ,262,51,27,29,53,1,6,10,20,5,4,10,1,1,1,4,1,1,568,494,7,487,1,86.97
Syunik,AM-SU,Կապան,Կաղնուտ գյուղ,59,25,9,6,33,0,1,1,1,0,0,0,0,5,0,0,0,0,182,141,1,140,1,77.47
Syunik,AM-SU,Կապան,Կապան քաղաք,8218,3044,1687,415,2873,297,251,141,185,128,38,43,43,105,17,11,28,17,26973,17776,231,17541,21,65.9
Syunik,AM-SU,Կապան,Ձորաստան գյուղ,43,3,3,2,10,0,0,0,0,1,0,0,0,0,0,0,0,0,73,62,0,62,1,84.93
Syunik,AM-SU,Կապան,Ճակատեն գյուղ,108,19,11,7,37,0,1,2,0,0,0,1,0,1,0,0,0,0,242,190,2,187,1,78.51
Syunik,AM-SU,Կապան,Ներքին  Հանդ գյուղ,50,11,3,2,15,1,0,0,0,0,0,0,0,0,0,0,0,0,107,82,0,82,1,76.64
Syunik,AM-SU,Կապան,Ներքին Խոտանան գյուղ,29,8,8,1,32,0,0,0,0,0,1,0,0,0,0,0,0,0,105,79,0,79,1,75.24
Syunik,AM-SU,Կապան,Նորաշենիկ գյուղ,24,11,42,0,14,0,1,0,0,0,0,0,0,0,0,0,0,0,105,94,2,92,1,89.52
Syunik,AM-SU,Կապան,Շիկահող գյուղ,111,4,4,8,52,0,1,1,2,0,0,1,0,0,0,0,0,0,239,184,0,184,1,76.99
Syunik,AM-SU,Կապան,Շրվենանց գյուղ,22,6,5,0,0,2,0,0,0,0,0,0,0,1,0,0,9,0,59,46,1,45,1,77.97
Syunik,AM-SU,Կապան,Ուժանիս գյուղ,38,10,6,3,18,0,0,0,2,0,0,0,0,0,0,0,0,0,99,77,0,77,1,77.78
Syunik,AM-SU,Կապան,Չափնի գյուղ,78,13,6,2,50,0,3,0,1,0,1,1,0,1,0,0,1,1,192,159,1,158,1,82.81
Syunik,AM-SU,Կապան,Սեվաքար գյուղ,58,9,6,1,76,1,2,1,1,1,0,1,0,1,1,0,0,0,187,160,1,159,1,85.56
Syunik,AM-SU,Կապան,Սյունիք գյուղ,336,112,57,53,76,6,7,8,10,5,1,3,0,18,1,1,2,1,988,698,1,697,1,70.65
Syunik,AM-SU,Կապան,Սրաշեն գյուղ,41,7,4,3,18,4,0,1,0,0,0,0,0,1,0,0,2,0,101,83,2,81,1,82.18
Syunik,AM-SU,Կապան,Վանեք գյուղ,11,0,2,0,30,1,0,0,1,0,0,0,0,0,0,0,1,0,63,46,0,46,1,73.02
Syunik,AM-SU,Կապան,Վարդավանք գյուղ,11,11,6,5,38,0,0,0,0,0,0,0,0,0,0,0,0,0,101,71,0,71,1,70.3
Syunik,AM-SU,Կապան,Վերին Խոտանան գյուղ,92,9,10,3,26,0,2,0,0,1,0,0,0,0,0,1,0,0,198,145,1,144,1,73.23
Syunik,AM-SU,Կապան,Տանձավեր գյուղ,65,12,10,1,19,1,0,0,0,0,0,0,0,0,0,0,0,0,150,109,1,108,1,72.67
Syunik,AM-SU,Կապան,Տավրուս գյուղ,24,0,2,1,17,0,0,0,1,0,0,0,0,0,0,0,0,0,63,45,0,45,1,71.43
Syunik,AM-SU,Կապան,Օխտար գյուղ,18,4,11,2,21,2,0,0,1,0,0,0,0,1,0,0,0,0,78,60,0,60,1,76.92
Syunik,AM-SU,Մեղրի,Ագարակ քաղաք,954,697,75,66,19,40,22,11,27,33,6,6,6,2,5,3,2,3,4697,3306,14,1977,3,70.39
Syunik,AM-SU,Մեղրի,Ալվանք գյուղ,81,58,15,10,0,2,3,2,0,5,1,0,1,0,0,1,0,0,258,180,1,179,1,69.77
Syunik,AM-SU,Մեղրի,Գուդեմնիս գյուղ,17,3,1,0,0,0,0,0,0,1,0,0,0,0,0,0,0,0,32,22,0,22,1,68.75
Syunik,AM-SU,Մեղրի,Լեհվազ գյուղ,132,67,8,12,4,6,5,4,3,51,1,4,3,0,0,1,1,0,474,309,6,302,1,65.19
Syunik,AM-SU,Մեղրի,Լիճք գյուղ,44,25,2,1,2,3,1,0,1,3,0,0,0,0,1,0,2,0,132,85,0,85,1,64.39
Syunik,AM-SU,Մեղրի,Կարճեվան գյուղ,71,93,4,3,1,2,2,2,2,3,0,0,0,0,1,1,0,0,257,188,3,185,1,73.15
Syunik,AM-SU,Մեղրի,Կուրիս գյուղ,25,16,0,0,0,0,0,0,0,3,0,0,0,0,0,1,0,0,55,45,0,45,1,81.82
Syunik,AM-SU,Մեղրի,Մեղրի քաղաք,1135,559,83,48,35,82,42,24,29,95,8,17,17,17,2,5,2,1,3330,2234,33,2201,2,67.09
Syunik,AM-SU,Մեղրի,Նռնաձոր գյուղ,38,34,0,3,1,0,0,1,0,4,1,0,2,0,1,0,0,1,127,88,2,86,1,69.29
Syunik,AM-SU,Մեղրի,Շվանիձոր գյուղ,101,43,8,4,2,3,3,2,5,4,1,0,0,0,0,0,1,0,266,185,8,177,1,69.55
Syunik,AM-SU,Մեղրի,Վահրավար գյուղ,13,10,2,0,2,0,1,0,0,3,0,1,0,0,0,0,0,0,43,32,0,32,1,74.42
Syunik,AM-SU,Մեղրի,Վարդանիձոր գյուղ,81,41,5,9,4,2,6,1,0,4,1,0,1,0,0,1,0,0,226,156,0,156,1,69.03
Syunik,AM-SU,Մեղրի,Տաշտուն գյուղ,35,29,1,5,0,1,1,0,2,1,0,1,0,0,1,0,1,0,103,80,2,78,1,77.67
Syunik,AM-SU,Սիսիան,Ախլաթյան գյուղ,155,41,33,6,0,1,1,2,1,0,0,0,1,0,0,0,1,0,412,247,5,242,1,59.95
Syunik,AM-SU,Սիսիան,Աղիտու գյուղ,138,62,31,10,2,5,0,3,6,4,2,0,1,2,1,1,0,0,397,268,0,268,1,67.51
Syunik,AM-SU,Սիսիան,Անգեղակոթ գյուղ,514,66,44,11,4,1,3,5,1,1,4,2,0,0,0,1,0,0,1151,662,5,657,1,57.52
Syunik,AM-SU,Սիսիան,Աշոտավան գյուղ,228,54,34,4,0,0,2,0,1,0,0,0,0,0,0,1,0,0,490,326,2,324,1,66.53
Syunik,AM-SU,Սիսիան,Արեվիս գյուղ,24,8,8,0,0,1,0,1,0,0,0,0,0,0,0,0,0,0,78,42,0,42,1,53.85
Syunik,AM-SU,Սիսիան,Բալաք գյուղ,49,18,4,0,1,4,1,0,0,0,0,0,0,0,0,0,0,0,124,77,0,77,1,62.1
Syunik,AM-SU,Սիսիան,Բնունիս գյուղ,70,16,13,0,0,0,2,0,0,1,0,0,0,0,0,0,0,0,147,102,0,102,1,69.39
Syunik,AM-SU,Սիսիան,Բռնակոթ գյուղ,462,223,210,27,6,12,7,0,11,0,2,0,5,0,1,0,3,0,1449,986,17,969,1,68.05
Syunik,AM-SU,Սիսիան,Գետաթաղ գյուղ,57,9,8,2,1,0,0,0,0,1,1,0,0,0,0,0,0,0,134,82,3,79,1,61.19
Syunik,AM-SU,Սիսիան,Գորայք գյուղ,156,59,43,10,3,1,0,0,1,1,1,0,0,0,0,0,0,0,412,277,2,275,1,67.23
Syunik,AM-SU,Սիսիան,Դաստակերտ քաղաք,39,41,8,3,0,0,0,1,0,0,0,0,0,0,0,0,0,0,170,92,0,92,1,54.12
Syunik,AM-SU,Սիսիան,Դարբաս գյուղ,182,50,25,11,3,8,1,1,0,0,4,1,0,0,1,1,0,0,501,293,5,288,1,58.48
Syunik,AM-SU,Սիսիան,Թանահատ գյուղ,17,2,5,0,1,0,0,0,0,0,0,0,0,0,0,0,0,0,39,25,0,25,1,64.1
Syunik,AM-SU,Սիսիան,Թասիկ գյուղ,95,37,11,0,1,1,2,0,1,0,0,1,0,1,0,0,1,1,206,156,4,152,1,75.73
Syunik,AM-SU,Սիսիան,Իշխանասար գյուղ,90,29,12,3,0,0,2,0,1,1,0,0,0,1,3,0,0,0,189,144,2,142,1,76.19
Syunik,AM-SU,Սիսիան,Լծեն գյուղ,16,10,37,0,0,0,1,0,0,0,0,0,0,0,0,0,0,0,84,64,0,64,1,76.19
Syunik,AM-SU,Սիսիան,Լոր գյուղ,99,17,74,1,0,0,0,6,1,0,1,0,0,0,0,0,0,1,281,202,2,200,1,71.89
Syunik,AM-SU,Սիսիան,Ծղուկ գյուղ,229,142,61,22,2,7,1,8,9,2,1,3,5,1,0,0,0,4,603,500,3,497,1,82.92
Syunik,AM-SU,Սիսիան,Հացավան գյուղ,57,72,45,1,0,0,1,2,1,1,0,0,0,0,0,0,0,0,243,181,1,180,1,74.49
Syunik,AM-SU,Սիսիան,Մուցք գյուղ,92,25,2,0,0,2,0,0,0,0,0,0,0,0,0,0,0,0,207,122,1,121,1,58.94
Syunik,AM-SU,Սիսիան,Նժդեհ գյուղ,63,14,13,3,0,1,3,0,1,0,1,0,0,0,0,0,0,0,157,100,1,99,1,63.69
Syunik,AM-SU,Սիսիան,Նորավան գյուղ,353,116,104,41,4,3,5,15,21,2,2,3,7,2,3,1,1,2,816,685,0,685,1,83.95
Syunik,AM-SU,Սիսիան,Շաղատ գյուղ,347,66,8,3,4,4,4,4,2,2,3,0,0,0,0,0,0,0,680,453,6,447,1,66.62
Syunik,AM-SU,Սիսիան,Շամբ գյուղ,96,61,51,1,0,0,0,0,0,3,0,1,0,1,0,1,0,0,349,220,4,215,1,63.04
Syunik,AM-SU,Սիսիան,Շաքի գյուղ,433,44,86,1,2,4,11,2,2,3,3,4,0,1,1,0,1,1,960,605,8,599,1,63.02
Syunik,AM-SU,Սիսիան,Շենաթաղ գյուղ,82,28,40,4,1,0,1,0,1,3,0,0,0,2,0,0,1,0,242,165,2,163,1,68.18
Syunik,AM-SU,Սիսիան,Որոտնավան գյուղ,93,18,10,7,1,3,1,0,0,1,0,0,0,0,0,0,0,0,213,138,4,134,1,64.79
Syunik,AM-SU,Սիսիան,Ույծ գյուղ,226,43,26,3,6,1,2,0,0,0,1,4,0,2,0,0,0,0,401,315,1,314,1,78.55
Syunik,AM-SU,Սիսիան,Սալվարդ գյուղ,125,27,9,2,1,1,0,0,0,0,1,1,0,0,1,1,0,0,242,169,0,169,1,69.83
Syunik,AM-SU,Սիսիան,Սառնակունք գյուղ,171,36,10,1,0,0,5,3,0,0,0,1,4,0,0,0,0,0,369,231,0,231,1,62.6
Syunik,AM-SU,Սիսիան,Սիսիան քաղաք,3659,1580,1093,205,80,105,82,51,85,35,25,54,18,34,27,9,8,8,11644,7245,98,7158,7,62.22
Syunik,AM-SU,Սիսիան,Սպանդարյան գյուղ,313,112,52,15,3,3,6,13,7,6,3,4,11,2,1,4,1,1,675,559,2,557,1,82.81
Syunik,AM-SU,Սիսիան,Վաղատին գյուղ,189,23,28,6,3,1,4,2,1,1,5,1,1,0,0,0,0,0,457,269,4,265,1,58.86
Syunik,AM-SU,Սիսիան,Տոլորս գյուղ,144,34,32,8,3,3,1,3,0,0,0,1,0,2,0,0,0,0,313,232,1,231,1,74.12
Syunik,AM-SU,Սիսիան,Տորունիք գյուղ,19,9,9,4,0,1,2,0,1,0,0,1,0,0,0,0,2,0,79,48,0,48,1,60.76
Syunik,AM-SU,Տաթև,Խոտ գյուղ,266,99,31,10,39,6,1,0,2,3,7,1,0,1,0,1,0,0,654,470,3,467,1,71.87
Syunik,AM-SU,Տաթև,Հալիձոր գյուղ,175,35,15,6,2,2,3,5,2,0,10,2,0,0,0,0,1,0,445,258,0,258,1,57.98
Syunik,AM-SU,Տաթև,Հարժիս գյուղ,167,24,88,20,9,4,1,1,0,3,2,1,3,0,0,0,0,1,546,326,2,324,1,59.71
Syunik,AM-SU,Տաթև,Շինուհայր գյուղ,657,295,98,26,22,7,6,6,7,3,10,3,3,1,3,2,2,2,1833,1164,11,1153,1,63.5
Syunik,AM-SU,Տաթև,Սվարանց գյուղ,48,9,5,0,1,0,0,0,1,0,0,0,0,0,0,0,0,0,186,64,0,64,1,34.41
Syunik,AM-SU,Տաթև,Տաթեվ գյուղ,235,17,30,3,4,5,3,1,3,1,3,1,0,3,0,0,0,0,528,315,6,309,1,59.66
Syunik,AM-SU,Տաթև,Տանձատափ գյուղ,32,10,3,0,0,0,0,0,0,0,0,0,1,0,0,0,0,1,69,48,1,47,1,69.57
Syunik,AM-SU,Տաթև,Քաշունի գյուղ,13,1,1,2,0,0,0,0,0,0,0,0,0,0,0,0,0,0,20,17,0,17,1,85.0
Syunik,AM-SU,Տեղ,Արավուս գյուղ,52,37,8,5,0,0,1,0,0,0,1,1,0,0,0,0,0,0,138,105,0,105,1,76.09
Syunik,AM-SU,Տեղ,Խնածախ գյուղ,217,66,22,8,6,7,1,0,0,2,3,0,0,0,0,0,0,0,567,338,6,332,1,59.61
Syunik,AM-SU,Տեղ,Խոզնավար գյուղ,103,28,35,2,3,3,0,0,3,0,1,1,0,0,0,0,0,0,263,181,2,179,1,68.82
Syunik,AM-SU,Տեղ,Կոռնիձոր գյուղ,314,125,64,32,15,9,8,4,10,2,2,4,0,2,4,0,1,1,913,607,10,597,1,66.48
Syunik,AM-SU,Տեղ,Վաղատուր գյուղ,105,47,16,8,3,2,0,0,0,1,3,0,0,0,1,0,0,1,309,188,1,187,1,60.84
Syunik,AM-SU,Տեղ,Տեղ գյուղ,530,429,115,19,19,14,15,5,7,2,4,3,2,4,1,1,0,2,1702,1193,19,1172,1,70.09
Syunik,AM-SU,Տեղ,Քարաշեն գյուղ,382,130,58,20,9,7,3,25,12,3,3,1,1,2,0,1,1,1,801,678,19,659,1,84.64
Syunik,AM-SU,Քաջարան,Բաբիկավան գյուղ,140,59,57,21,15,2,1,6,3,2,0,0,2,1,0,1,1,0,415,317,6,311,1,76.39
Syunik,AM-SU,Քաջարան,Գեղի գյուղ,52,45,12,3,8,1,1,3,1,1,0,0,0,0,0,0,0,0,167,128,1,127,1,76.65
Syunik,AM-SU,Քաջարան,Գետիշեն գյուղ,28,22,9,2,9,0,3,0,0,0,0,0,0,1,0,0,0,0,102,75,1,74,1,73.53
Syunik,AM-SU,Քաջարան,Լեռնաձոր գյուղ,174,40,47,3,11,2,2,1,5,4,1,1,6,2,1,0,0,1,380,307,6,301,1,80.79
Syunik,AM-SU,Քաջարան,Քաջարան քաղաք,2215,504,492,49,123,54,59,28,59,34,15,13,15,18,8,10,2,3,5100,3746,45,3701,3,73.45
Syunik,AM-SU,Քաջարան,Քաջարանց գյուղ,107,15,5,2,7,0,0,2,1,0,1,1,0,0,0,0,0,0,191,144,3,141,1,75.39
Tavush,AM-TV,Բերդ,Այգեձոր գյուղ,467,118,284,20,9,7,12,3,3,0,4,0,3,0,0,0,1,1,1747,940,7,932,1,53.81
Tavush,AM-TV,Բերդ,Այգեպար գյուղ,144,102,12,6,4,2,2,1,1,0,0,0,0,0,0,0,0,0,466,277,3,274,1,59.44
Tavush,AM-TV,Բերդ,Արծվաբերդ գյուղ,1319,261,87,61,15,11,22,23,38,13,6,6,2,2,10,0,6,4,2866,1912,25,1886,2,66.71
Tavush,AM-TV,Բերդ,Բերդ քաղաք,1937,1478,257,210,65,52,66,37,36,27,14,15,18,15,4,3,6,5,7136,4291,43,4245,4,60.13
Tavush,AM-TV,Բերդ,Իծաքար գյուղ,88,32,10,14,5,1,4,0,0,0,1,1,2,0,0,0,1,0,251,160,1,159,1,63.75
Tavush,AM-TV,Բերդ,Մովսես գյուղ,355,221,27,10,3,5,25,4,2,1,0,2,4,0,3,2,3,0,1356,673,6,667,1,49.63
Tavush,AM-TV,Բերդ,Նավուր գյուղ,249,155,62,40,1,4,10,1,5,0,1,1,1,10,1,0,1,1,887,554,11,543,1,62.46
Tavush,AM-TV,Բերդ,Ներքին Կարմիր Աղբյուր գյուղ,286,129,13,23,8,2,7,6,7,8,2,1,4,1,0,0,2,0,798,506,7,499,1,63.41
Tavush,AM-TV,Բերդ,Նորաշեն գյուղ,521,98,64,12,4,2,7,6,8,0,1,1,0,0,0,0,0,0,1194,734,10,724,1,61.47
Tavush,AM-TV,Բերդ,Չինարի գյուղ,274,67,93,9,1,4,3,3,4,2,2,0,1,3,0,0,0,0,790,470,4,466,1,59.49
Tavush,AM-TV,Բերդ,Չինչին գյուղ,161,84,23,3,1,1,4,0,0,3,0,0,0,0,0,0,1,0,460,286,5,281,1,62.17
Tavush,AM-TV,Բերդ,Չորաթան գյուղ,263,69,81,9,0,12,3,3,7,4,0,1,0,2,0,0,0,0,711,456,2,454,1,64.14
Tavush,AM-TV,Բերդ,Պառավաքար գյուղ,426,259,48,14,9,7,11,8,8,2,4,4,1,2,0,0,0,0,1287,811,8,803,1,63.01
Tavush,AM-TV,Բերդ,Վարագավան գյուղ,144,136,13,7,4,1,3,0,0,0,0,1,2,0,0,0,0,0,521,314,3,311,1,60.27
Tavush,AM-TV,Բերդ,Վերին Ծաղկավան գյուղ,340,58,43,9,0,4,2,1,2,1,0,1,0,0,0,0,0,0,697,461,0,461,1,66.14
Tavush,AM-TV,Բերդ,Վերին Կարմիր Աղբյուր գյուղ,437,206,55,22,9,5,17,7,9,5,4,0,1,3,4,0,0,1,1391,795,10,785,1,57.15
Tavush,AM-TV,Բերդ,Տավուշ գյուղ,477,190,81,38,14,16,21,8,17,4,5,5,3,0,3,0,3,0,1331,889,4,885,1,66.79
Tavush,AM-TV,Դիլիջան,Աղավնավանք գյուղ,53,27,21,24,3,4,2,1,0,0,0,0,3,0,1,0,0,1,223,142,2,140,1,63.68
Tavush,AM-TV,Դիլիջան,Գոշ գյուղ,263,140,18,33,7,1,3,2,1,1,1,2,0,0,0,0,1,0,775,478,5,473,2,61.68
Tavush,AM-TV,Դիլիջան,Դիլիջան քաղաք,4063,1758,522,280,485,239,168,86,82,171,30,18,16,14,4,18,15,6,13773,8079,102,7975,10,58.66
Tavush,AM-TV,Դիլիջան,Թեղուտ գյուղ,518,87,25,118,15,9,4,3,3,6,1,1,2,1,0,0,0,0,1159,794,4,793,1,68.51
Tavush,AM-TV,Դիլիջան,Խաչարձան գյուղ,73,66,39,10,1,3,3,2,3,2,0,0,1,0,0,0,0,0,283,207,4,203,1,73.14
Tavush,AM-TV,Դիլիջան,Հաղարծին գյուղ,1022,379,96,117,16,14,16,3,9,7,6,2,2,1,0,2,0,1,2924,1713,19,1693,2,58.58
Tavush,AM-TV,Դիլիջան,Հովք գյուղ,60,60,53,51,1,2,1,0,0,2,1,3,0,0,2,0,1,0,314,240,3,237,1,76.43
Tavush,AM-TV,Իջեվան,Ազատամուտ գյուղ,1113,208,68,27,24,11,27,5,13,2,7,3,3,2,0,1,1,1,2290,1536,20,1516,2,67.07
Tavush,AM-TV,Իջեվան,Ակնաղբյուր գյուղ,229,32,43,4,4,3,0,1,1,0,0,0,0,0,0,0,0,0,423,321,4,317,1,75.89
Tavush,AM-TV,Իջեվան,Աճարկուտ գյուղ,66,22,6,5,2,0,1,0,3,0,1,0,0,0,0,0,0,3,148,112,3,109,1,75.68
Tavush,AM-TV,Իջեվան,Այգեհովիտ գյուղ,1270,184,84,39,33,5,8,7,12,9,9,4,1,2,3,1,1,3,2665,1693,18,1675,2,63.53
Tavush,AM-TV,Իջեվան,Աչաջուր գյուղ,1474,256,120,75,67,22,11,7,17,5,4,0,4,1,0,1,1,1,3275,2082,16,2066,2,63.57
Tavush,AM-TV,Իջեվան,Բերքաբեր գյուղ,302,48,17,2,12,5,0,0,1,1,4,1,0,2,0,0,1,0,522,401,5,396,1,76.82
Tavush,AM-TV,Իջեվան,Գանձաքար գյուղ,1210,291,56,17,49,10,19,5,12,4,7,2,5,0,0,2,0,0,2622,1708,19,1689,2,65.14
Tavush,AM-TV,Իջեվան,Գետահովիտ գյուղ,990,114,67,27,12,7,11,7,5,2,2,1,0,4,0,2,0,0,1784,1261,10,1251,1,70.68
Tavush,AM-TV,Իջեվան,Դիտավան գյուղ,128,38,22,19,2,0,2,3,0,0,0,1,0,0,0,0,0,1,304,217,1,216,1,71.38
Tavush,AM-TV,Իջեվան,Ենոքավան գյուղ,310,15,5,5,5,1,0,0,5,0,1,0,0,1,0,0,0,0,441,358,10,348,1,81.18
Tavush,AM-TV,Իջեվան,Իջեվան քաղաք,5534,1538,753,245,266,103,66,45,71,27,22,23,15,11,8,8,1,6,13717,8827,82,8742,8,64.35
Tavush,AM-TV,Իջեվան,Լուսահովիտ գյուղ,143,27,7,4,5,1,0,1,1,1,0,0,0,0,0,0,0,0,258,194,4,190,1,75.19
Tavush,AM-TV,Իջեվան,Լուսաձոր գյուղ,399,153,69,47,24,6,11,16,23,5,6,2,3,2,2,0,1,2,922,781,9,771,1,84.71
Tavush,AM-TV,Իջեվան,Խաշթառակ գյուղ,785,54,27,11,8,4,5,6,6,3,1,1,1,0,1,2,1,0,1354,927,11,916,1,68.46
Tavush,AM-TV,Իջեվան,Ծաղկավան գյուղ,261,27,6,3,6,4,1,0,0,1,1,1,0,0,2,0,0,1,480,320,6,314,1,66.67
Tavush,AM-TV,Իջեվան,Կիրանց գյուղ,170,46,30,7,7,7,1,3,7,1,1,4,0,11,0,0,0,0,401,307,12,295,1,76.56
Tavush,AM-TV,Իջեվան,Սարիգյուղ գյուղ,537,83,13,19,23,7,5,0,3,0,3,2,0,2,1,1,0,0,1019,705,6,699,1,69.19
Tavush,AM-TV,Իջեվան,Սեվքար գյուղ,912,125,62,21,9,8,3,5,14,4,3,3,3,2,0,1,1,0,1832,1185,9,1176,1,64.68
Tavush,AM-TV,Իջեվան,Վազաշեն գյուղ,245,93,45,12,9,3,4,0,5,1,1,1,1,1,0,1,0,0,645,428,6,422,1,66.36
Tavush,AM-TV,Նոյեմբերյան,Այրում քաղաք,667,162,45,16,19,8,4,0,2,9,113,0,1,2,3,2,5,1,1756,1067,8,1059,1,60.76
Tavush,AM-TV,Նոյեմբերյան,Արճիս գյուղ,400,115,31,13,3,8,7,3,12,6,12,1,2,0,0,1,0,0,932,616,2,614,1,66.09
Tavush,AM-TV,Նոյեմբերյան,Բագրատաշեն գյուղ,678,443,69,44,16,16,13,9,7,9,18,1,7,0,1,2,0,1,2295,1347,13,1334,2,58.69
Tavush,AM-TV,Նոյեմբերյան,Բաղանիս գյուղ,300,76,20,5,4,15,2,4,3,2,2,1,0,1,0,0,0,0,695,436,1,435,1,62.73
Tavush,AM-TV,Նոյեմբերյան,Բարեկամավան գյուղ,70,20,62,23,4,1,1,1,1,0,1,0,0,0,1,0,1,0,327,186,0,186,1,56.88
Tavush,AM-TV,Նոյեմբերյան,Բերդավան գյուղ,1066,352,130,76,16,46,27,18,23,23,24,5,2,4,4,1,1,2,2784,1836,16,1820,2,65.95
Tavush,AM-TV,Նոյեմբերյան,Դեբեդավան գյուղ,143,148,41,2,2,2,0,0,2,3,1,0,0,0,0,0,0,1,548,347,1,345,1,63.32
Tavush,AM-TV,Նոյեմբերյան,Դեղձավան գյուղ,92,59,36,2,2,1,0,1,1,1,8,0,0,0,0,0,0,0,351,204,1,203,1,58.12
Tavush,AM-TV,Նոյեմբերյան,Դովեղ գյուղ,208,101,14,6,5,9,3,4,3,1,3,1,1,3,1,0,1,0,510,377,13,364,1,73.92
Tavush,AM-TV,Նոյեմբերյան,Զորական գյուղ,73,311,51,6,2,2,2,1,1,4,2,0,0,0,0,0,2,0,726,457,0,457,1,62.95
Tavush,AM-TV,Նոյեմբերյան,Լճկաձոր գյուղ,132,43,7,6,2,2,3,2,1,5,30,1,1,1,0,0,0,0,332,239,3,236,1,71.99
Tavush,AM-TV,Նոյեմբերյան,Կոթի գյուղ,562,167,41,23,10,7,13,8,17,1,7,0,1,3,1,0,1,1,1609,867,4,863,1,53.88
Tavush,AM-TV,Նոյեմբերյան,Կողբ գյուղ,1419,637,176,66,44,38,55,34,40,78,18,6,9,3,2,2,10,3,3939,2673,33,2640,3,67.86
Tavush,AM-TV,Նոյեմբերյան,Հաղթանակ գյուղ,344,156,27,5,3,1,6,3,4,5,30,1,1,1,2,1,0,1,1024,600,9,591,1,58.59
Tavush,AM-TV,Նոյեմբերյան,Նոյեմբերյան քաղաք,1631,615,175,132,30,72,40,38,43,44,28,4,4,10,3,5,2,1,4377,2900,23,2877,3,66.26
Tavush,AM-TV,Նոյեմբերյան,Ոսկեպար գյուղ,220,89,53,11,5,11,7,6,3,4,5,0,1,15,0,0,0,0,700,434,4,430,1,62.0
Tavush,AM-TV,Նոյեմբերյան,Ոսկեվան գյուղ,422,85,43,47,4,9,7,8,3,11,3,1,0,1,0,3,0,0,1011,654,7,647,1,64.69
Tavush,AM-TV,Նոյեմբերյան,Պտղավան գյուղ,204,229,28,4,1,3,7,3,0,1,4,2,0,1,1,0,1,0,689,491,1,489,1,71.26
Tavush,AM-TV,Նոյեմբերյան,Ջուջեվան գյուղ,107,109,13,6,5,1,4,6,6,6,6,1,2,3,0,1,0,0,420,281,5,276,1,66.9
Vayots Dzor,AM-VD,Արենի,Ագարակաձոր գյուղ,333,213,78,35,9,1,21,3,5,2,1,1,1,0,0,2,1,0,1019,711,5,706,1,69.77
Vayots Dzor,AM-VD,Արենի,Աղավնաձոր գյուղ,629,122,42,18,5,21,15,3,17,14,2,5,9,4,0,4,0,0,1487,927,16,910,1,62.34
Vayots Dzor,AM-VD,Արենի,Արենի գյուղ,692,120,102,52,31,30,13,8,15,15,2,7,10,0,2,0,1,1,1485,1105,4,1101,1,74.41
Vayots Dzor,AM-VD,Արենի,Արփի գյուղ,332,133,70,31,3,16,9,5,9,6,6,3,6,2,0,0,3,0,884,648,14,634,1,73.3
Vayots Dzor,AM-VD,Արենի,Գնիշիկ( նախկին),58,13,10,2,3,4,2,1,1,0,0,1,0,0,0,0,0,0,124,95,0,95,1,76.61
Vayots Dzor,AM-VD,Արենի,Ելփին գյուղ,359,87,41,43,7,12,8,8,8,1,3,9,3,0,0,0,0,0,908,602,13,589,1,66.3
Vayots Dzor,AM-VD,Արենի,Խաչիկ գյուղ,380,115,46,19,7,21,11,3,9,0,2,0,0,1,6,1,1,1,898,633,9,623,1,70.49
Vayots Dzor,AM-VD,Արենի,Չիվա գյուղ,244,82,26,9,3,6,12,3,7,2,2,9,6,1,0,0,1,0,609,422,9,413,1,69.29
Vayots Dzor,AM-VD,Արենի,Ռինդ գյուղ,564,78,26,15,15,8,6,9,10,9,2,1,2,1,1,2,1,1,1086,759,8,751,1,69.89
Vayots Dzor,AM-VD,Եղեգիս,Աղնջաձոր գյուղ,193,30,5,3,6,2,0,0,1,1,1,0,0,0,0,0,0,0,331,250,8,242,1,75.53
Vayots Dzor,AM-VD,Եղեգիս,Արտաբույնք գյուղ,304,127,22,11,5,2,5,4,1,1,0,2,0,0,0,0,0,1,762,487,2,485,1,63.91
Vayots Dzor,AM-VD,Եղեգիս,Գողթանիկ գյուղ,43,22,11,3,0,2,0,0,0,0,2,0,0,0,0,0,1,0,133,84,0,84,1,63.16
Vayots Dzor,AM-VD,Եղեգիս,Եղեգիս գյուղ,91,54,2,6,3,10,1,0,0,0,0,0,0,1,0,0,0,0,296,170,2,168,1,57.43
Vayots Dzor,AM-VD,Եղեգիս,Թառաթումբ գյուղ,222,18,15,5,4,0,2,1,1,5,1,0,0,0,1,0,0,0,363,276,1,275,1,76.03
Vayots Dzor,AM-VD,Եղեգիս,Հերմոն գյուղ,38,28,12,15,2,0,3,1,0,0,0,0,0,0,0,0,0,0,144,99,0,99,1,68.75
Vayots Dzor,AM-VD,Եղեգիս,Հորբատեղ գյուղ,114,7,3,3,2,1,3,0,4,0,1,0,0,1,0,0,0,0,193,141,2,139,1,73.06
Vayots Dzor,AM-VD,Եղեգիս,Հորս գյուղ,118,5,3,4,1,1,1,1,0,0,0,0,0,0,0,0,0,1,186,137,2,135,1,73.66
Vayots Dzor,AM-VD,Եղեգիս,Շատին գյուղ,236,307,144,22,4,15,11,6,3,5,3,2,1,1,0,0,1,0,1252,764,3,761,1,61.02
Vayots Dzor,AM-VD,Եղեգիս,Սալլի գյուղ,97,27,11,2,3,2,0,3,1,1,0,0,0,1,0,0,0,0,185,150,2,148,1,81.08
Vayots Dzor,AM-VD,Եղեգիս,Վարդահովիտ գյուղ,56,23,17,10,0,0,0,1,0,0,0,0,1,0,0,0,0,0,194,109,1,108,1,56.19
Vayots Dzor,AM-VD,Եղեգիս,Քարագլուխ գյուղ,292,53,11,19,10,2,8,1,3,1,2,2,4,0,0,0,0,0,591,411,3,408,1,69.54
Vayots Dzor,AM-VD,Եղեգնաձոր,Գետափ գյուղ,754,110,56,40,26,8,6,8,8,14,1,7,1,3,0,1,0,2,1621,1050,5,1045,1,64.77
Vayots Dzor,AM-VD,Եղեգնաձոր,Գլաձոր գյուղ,522,321,81,80,6,16,15,8,14,1,5,0,0,3,0,1,0,0,1841,1099,25,1073,1,59.7
Vayots Dzor,AM-VD,Եղեգնաձոր,Եղեգնաձոր քաղաք,2211,961,313,308,55,99,85,53,75,44,20,15,7,13,4,7,3,1,7098,4325,49,4274,4,60.93
Vayots Dzor,AM-VD,Եղեգնաձոր,Մալիշկա գյուղ,976,371,143,203,18,15,30,20,19,15,5,8,2,6,0,2,0,2,3430,1857,22,1835,2,54.14
Vayots Dzor,AM-VD,Եղեգնաձոր,Վերնաշեն գյուղ,288,121,56,51,5,8,18,5,2,7,2,1,2,0,0,2,0,0,950,579,11,568,1,60.95
Vayots Dzor,AM-VD,Ջերմուկ,Գնդեվազ գյուղ,375,80,32,7,8,4,6,1,6,2,2,1,0,0,2,0,1,0,684,534,7,527,1,78.07
Vayots Dzor,AM-VD,Ջերմուկ,Կեչուտ գյուղ,633,132,66,26,5,7,5,18,17,9,3,6,1,3,0,61,1,1,1268,1014,17,994,1,79.97
Vayots Dzor,AM-VD,Ջերմուկ,Ջերմուկ քաղաք,1903,440,187,51,35,54,51,25,41,12,9,10,7,14,3,24,6,7,4723,2914,35,2879,3,61.7
Vayots Dzor,AM-VD,Վայք,Ազատեկ գյուղ,150,87,26,7,11,2,6,0,3,25,0,1,0,0,0,0,0,0,434,320,2,318,1,73.73
Vayots Dzor,AM-VD,Վայք,Արին գյուղ,102,22,31,19,1,1,1,1,1,0,0,0,0,0,0,0,0,0,231,182,3,179,1,78.79
Vayots Dzor,AM-VD,Վայք,Արտավան գյուղ,120,11,10,10,1,1,1,0,0,0,1,1,0,0,1,0,0,0,235,158,1,157,1,67.23
Vayots Dzor,AM-VD,Վայք,Բարձրունի գյուղ,236,31,12,7,0,3,1,2,0,1,1,0,0,2,0,0,0,1,386,307,10,297,1,79.53
Vayots Dzor,AM-VD,Վայք,Գոմք գյուղ,99,13,5,3,0,3,2,0,1,1,0,1,1,0,1,0,0,1,199,132,0,131,1,66.33
Vayots Dzor,AM-VD,Վայք,Զառիթափ գյուղ,403,165,22,10,1,5,9,0,4,5,1,2,6,0,1,1,1,0,992,640,4,636,1,64.52
Vayots Dzor,AM-VD,Վայք,Զեդեա գյուղ,43,29,2,4,0,0,2,0,1,2,0,0,0,0,0,0,0,0,120,83,0,83,1,69.17
Vayots Dzor,AM-VD,Վայք,Խնձորուտ գյուղ,340,33,34,5,2,1,1,2,2,0,0,1,0,0,0,0,0,1,517,424,2,422,1,82.01
Vayots Dzor,AM-VD,Վայք,Կարմրաշեն գյուղ,59,12,12,2,1,0,0,3,1,2,4,0,0,3,0,2,1,0,161,102,0,102,1,63.35
Vayots Dzor,AM-VD,Վայք,Հերհեր գյուղ,232,70,13,7,2,0,2,1,0,0,3,0,4,6,0,0,2,1,511,343,0,343,1,67.12
Vayots Dzor,AM-VD,Վայք,Մարտիրոս գյուղ,209,46,16,6,1,2,1,2,2,2,0,2,3,1,0,0,0,0,447,297,4,293,1,66.44
Vayots Dzor,AM-VD,Վայք,Նոր Ազնաբերդ գյուղ,72,6,2,0,1,0,0,0,0,2,0,1,0,0,0,0,0,0,122,85,1,84,1,69.67
Vayots Dzor,AM-VD,Վայք,Սարավան գյուղ,104,16,15,5,0,0,4,2,1,1,1,0,0,0,0,0,0,0,234,150,1,149,1,64.1
Vayots Dzor,AM-VD,Վայք,Սերս գյուղ,69,25,16,1,2,0,0,0,1,0,0,0,0,0,0,0,0,0,163,115,1,114,1,70.55
Vayots Dzor,AM-VD,Վայք,Վայք քաղաք,1916,851,341,90,38,33,45,24,42,22,13,7,12,15,4,6,6,4,5045,3523,53,3469,3,69.83
Vayots Dzor,AM-VD,Վայք,Փոռ գյուղ,55,15,6,0,0,0,0,1,1,0,0,0,0,0,0,0,0,0,111,78,0,78,1,70.27
Yerevan,AM-ER,Աջափնյակ,nan,21474,12298,6052,986,1348,1683,1191,1686,1163,734,269,339,245,236,161,124,110,55,85640,50741,512,50154,52,59.25
Yerevan,AM-ER,Ավան,nan,9433,6758,3223,603,799,856,521,838,613,337,129,151,171,205,58,81,44,23,40644,25107,262,24843,23,61.77
Yerevan,AM-ER,Արաբկիր,nan,20307,15416,8504,837,2039,2299,1117,1893,1629,887,385,420,373,328,282,126,120,64,96839,57646,611,57026,54,59.53
Yerevan,AM-ER,Դավթաշեն,nan,8911,5165,2564,508,624,746,441,662,524,379,123,141,124,94,70,39,37,20,35411,21406,213,21172,19,60.45
Yerevan,AM-ER,Էրեբունի,nan,23336,11501,5849,926,1098,1450,1412,1684,939,752,284,270,240,263,125,130,106,50,91631,50938,492,50415,51,55.59
Yerevan,AM-ER,Կենտրոն,nan,19718,14557,8510,1027,1918,1811,1151,1718,1394,1220,284,344,281,266,275,107,105,54,96127,55289,532,54740,55,57.52
Yerevan,AM-ER,Մալաթիա-Սեբաստիա,nan,28586,14353,7214,1195,1539,1863,1435,2030,1283,1093,344,324,294,273,182,156,106,79,110182,62979,573,62349,60,57.16
Yerevan,AM-ER,Նոր Նորք,nan,23144,15228,7690,1287,1930,2234,1413,2112,1498,854,366,405,285,349,146,153,95,65,100368,59931,632,59254,57,59.71
Yerevan,AM-ER,Նորք-Մարաշ,nan,2768,1944,628,130,157,197,183,206,104,61,38,36,42,9,25,15,5,20,10966,6635,67,6568,6,60.51
Yerevan,AM-ER,Նուբարաշեն,nan,2250,1096,474,280,90,98,114,112,64,78,28,19,19,12,13,11,12,4,10109,6091,44,4774,6,60.25
Yerevan,AM-ER,Շենգավիթ,nan,29497,14193,7484,1807,1506,2001,1702,2168,1232,936,332,396,313,278,174,205,114,67,113847,65110,661,64405,63,57.19
Yerevan,AM-ER,Քանաքեռ-Զեյթուն,nan,13987,8569,4379,756,1048,1302,801,1196,870,448,227,207,171,178,124,113,56,35,58797,34765,306,34467,32,59.13
